90.33856,0.01
90.462464,0.02
90.521344,0.03
90.555904,0.04
90.587904,0.05
90.618368,0.06
90.643712,0.07
90.670592,0.08
90.6944,0.09
90.717952,0.1
90.737408,0.11
90.757888,0.12
90.786816,0.13
90.82112,0.14
90.85824,0.15
90.900224,0.16
90.948864,0.17
91.021824,0.18
91.111168,0.19
91.262976,0.2
146.041856,0.21
146.351104,0.22
146.447104,0.23
146.51776,0.24
146.562304,0.25
146.593536,0.26
146.630144,0.27
146.65216,0.28
146.67392,0.29
146.696448,0.3
146.720512,0.31
146.747392,0.32
146.77376,0.33
146.798336,0.34
146.8288,0.35
146.85824,0.36
146.897664,0.37
146.940672,0.38
146.994176,0.39
147.090688,0.4
147.311616,0.41
186.317312,0.42
186.487552,0.43
186.54848,0.44
186.596864,0.45
186.641152,0.46
186.673152,0.47
186.703104,0.48
186.729984,0.49
186.75584,0.5
186.783232,0.51
186.811136,0.52
186.845184,0.53
186.889984,0.54
186.92992,0.55
186.976,0.56
187.017728,0.57
187.080448,0.58
187.155968,0.59
187.306496,0.6
187.809024,0.61
234.375936,0.62
234.501888,0.63
234.564352,0.64
234.60992,0.65
234.653184,0.66
234.689536,0.67
234.716672,0.68
234.7456,0.69
234.772992,0.7
234.797312,0.71
234.825472,0.72
234.8544,0.73
234.884096,0.74
234.921728,0.75
234.956032,0.76
234.99776,0.77
235.069696,0.78
235.13472,0.79
235.276032,0.8
235.476736,0.81
284.04096,0.82
284.278784,0.83
284.528896,0.84
284.611072,0.85
284.677888,0.86
284.730112,0.87
284.761856,0.88
284.796672,0.89
284.834048,0.9,0.9
284.837888,0.9009999999999999
284.84096,0.902
284.845056,0.903
284.848128,0.904
284.852992,0.905
284.856064,0.9059999999999999
284.86016,0.907
284.861952,0.9079999999999999
284.863488,0.909
284.865536,0.91
284.869888,0.9109999999999999
284.87424,0.912
284.878336,0.9129999999999999
284.882176,0.914
284.885504,0.915
284.888064,0.9159999999999999
284.891392,0.917
284.896256,0.9179999999999999
284.89728,0.919
284.89984,0.92
284.90368,0.9209999999999999
284.905984,0.922
284.909312,0.9229999999999999
284.914176,0.924
284.918272,0.925
284.924672,0.9259999999999999
284.926976,0.927
284.93184,0.9279999999999999
284.93568,0.929
284.940032,0.93
284.945664,0.9309999999999999
284.948992,0.932
284.951808,0.9329999999999999
284.95488,0.934
284.963328,0.935
284.968192,0.9359999999999999
284.9728,0.937
284.975616,0.938
284.97664,0.9390000000000001
284.981248,0.94
284.986368,0.941
284.993792,0.9420000000000001
285.000704,0.943
285.0048,0.9440000000000001
285.00736,0.945
285.015296,0.946
285.018112,0.9470000000000001
285.02144,0.948
285.023744,0.9490000000000001
285.026304,0.95
285.032448,0.951
285.03936,0.9520000000000001
285.045504,0.953
285.052416,0.9540000000000001
285.061376,0.955
285.063168,0.956
285.069312,0.9570000000000001
285.082624,0.958
285.088,0.9590000000000001
285.092352,0.96
285.09696,0.961
285.102592,0.9620000000000001
285.109248,0.963
285.116672,0.9640000000000001
285.12256,0.965
285.140992,0.966
285.153792,0.9670000000000001
285.15968,0.968
285.165824,0.9690000000000001
285.177344,0.97
285.186304,0.971
285.202176,0.972
285.211136,0.973
285.223424,0.9740000000000001
285.227008,0.975
285.235968,0.976
285.249024,0.977
285.2672,0.978
285.284096,0.9790000000000001
285.295616,0.98
285.314048,0.981
285.328896,0.982
285.34272,0.983
285.349632,0.9840000000000001
285.397248,0.985
285.426944,0.986
285.466112,0.987
285.491712,0.988
285.589504,0.9890000000000001
285.621504,0.99,0.99
285.668096,0.9901000000000001
285.668096,0.9902
285.669632,0.9903
285.669632,0.9904000000000001
285.67936,0.9904999999999999
285.67936,0.9906
285.710848,0.9906999999999999
285.732864,0.9908
285.732864,0.9909
285.734912,0.991
285.734912,0.9911
285.737472,0.9912000000000001
285.737472,0.9913
285.739008,0.9914000000000001
285.739008,0.9915
285.755904,0.9915999999999999
285.806592,0.9917
285.806592,0.9918
285.823744,0.9919
285.823744,0.992
285.841408,0.9921
285.841408,0.9922
285.846784,0.9923000000000001
285.846784,0.9924
285.848576,0.9925
285.852928,0.9926
285.852928,0.9926999999999999
285.877504,0.9928
285.877504,0.9929000000000001
285.907712,0.993
285.907712,0.9931
285.918208,0.9932
285.918208,0.9933
286.012672,0.9934000000000001
286.02368,0.9934999999999999
286.02368,0.9936
286.104064,0.9937
286.104064,0.9937999999999999
296.11392,0.9939
296.11392,0.9940000000000001
297.909504,0.9941
297.909504,0.9942
298.085376,0.9943000000000001
298.085376,0.9944
298.106368,0.9945
298.218752,0.9945999999999999
298.218752,0.9947
300.267264,0.9948
300.267264,0.9948999999999999
301.915392,0.995
301.915392,0.9951000000000001
302.291712,0.9952
302.291712,0.9953
439.572736,0.9954000000000001
443.76832,0.9954999999999999
443.76832,0.9956
446.853632,0.9956999999999999
446.853632,0.9958
451.680256,0.9959
451.680256,0.996
457.95584,0.9961
457.95584,0.9962000000000001
486.88896,0.9963
490.275584,0.9964
490.275584,0.9965
492.4544,0.9965999999999999
492.4544,0.9967
493.381888,0.9968
493.381888,0.9969
496.73344,0.997
496.73344,0.9971
500.115712,0.9972
510.24768,0.9973000000000001
510.24768,0.9974
513.065728,0.9975
513.065728,0.9976
532.204032,0.9976999999999999
532.204032,0.9978
535.59552,0.9979
535.59552,0.998
540.764672,0.9981
541.284864,0.9982
541.284864,0.9983
549.50144,0.9984000000000001
549.50144,0.9984999999999999
552.10112,0.9986
552.10112,0.9987
659.405056,0.9987999999999999
659.405056,0.9989
665.086464,0.9990000000000001,0.999
665.086464,0.9990100000000001
665.086464,0.99902
665.086464,0.9990300000000001
665.086464,0.9990400000000002
665.086464,0.99905
665.086464,0.9990600000000001
665.086464,0.9990700000000001
665.086464,0.99908
665.086464,0.99909
668.869376,0.9991000000000001
668.869376,0.99911
668.869376,0.99912
668.869376,0.9991300000000001
668.869376,0.99914
668.869376,0.9991500000000001
668.869376,0.9991600000000002
668.869376,0.99917
668.869376,0.9991800000000001
668.869376,0.9991900000000001
668.869376,0.9992
668.869376,0.99921
668.869376,0.9992200000000001
668.869376,0.9992300000000001
668.869376,0.99924
668.869376,0.9992500000000001
668.869376,0.99926
668.869376,0.9992700000000001
671.693568,0.9992800000000002
671.693568,0.99929
671.693568,0.9993000000000001
671.693568,0.9993100000000001
671.693568,0.99932
671.693568,0.99933
671.693568,0.9993400000000001
671.693568,0.9993500000000001
671.693568,0.99936
671.693568,0.9993700000000001
671.693568,0.99938
671.693568,0.9993900000000001
671.693568,0.9994000000000001
671.693568,0.99941
671.693568,0.9994200000000001
671.693568,0.9994300000000002
671.693568,0.99944
671.693568,0.9994500000000001
671.968512,0.9994600000000001
671.968512,0.9994700000000001
671.968512,0.99948
671.968512,0.9994900000000001
671.968512,0.9995
671.968512,0.9995100000000001
671.968512,0.9995200000000001
671.968512,0.99953
671.968512,0.9995400000000001
671.968512,0.9995500000000002
671.968512,0.99956
671.968512,0.9995700000000001
671.968512,0.9995800000000001
671.968512,0.99959
671.968512,0.9996
671.968512,0.9996100000000001
671.968512,0.9996200000000001
671.968512,0.9996300000000001
683.579392,0.99964
683.579392,0.99965
683.579392,0.9996600000000001
683.579392,0.99967
683.579392,0.99968
683.579392,0.9996900000000001
683.579392,0.9997
683.579392,0.99971
683.579392,0.99972
683.579392,0.99973
683.579392,0.9997400000000001
683.579392,0.9997500000000001
683.579392,0.99976
683.579392,0.99977
683.579392,0.9997800000000001
683.579392,0.99979
683.579392,0.9998
683.579392,0.9998100000000001
736.096,0.99982
736.096,0.99983
736.096,0.9998400000000001
736.096,0.99985
736.096,0.9998600000000001
736.096,0.99987
736.096,0.99988
736.096,0.9998900000000001
