798.089984,0.01
798.761472,0.02
826.259456,0.03
826.512896,0.04
827.441152,0.05
862.224384,0.06
862.903808,0.07
864.292864,0.08
864.67072,0.09
866.62912,0.1
890.12608,0.11
890.367488,0.12
890.47168,0.13
890.664448,0.14
917.797632,0.15
918.54592,0.16
926.373632,0.17
928.020736,0.18
928.361728,0.19
928.477696,0.2
928.619008,0.21
928.909824,0.22
954.104832,0.23
954.475776,0.24
955.187712,0.25
956.237568,0.26
956.477952,0.27
956.685568,0.28
978.077696,0.29
978.542592,0.3
979.039744,0.31
982.247936,0.32
982.954752,0.33
992.355584,0.34
993.07776,0.35
994.43584,0.36
994.83008,0.37
1010.40896,0.38
1020.004608,0.39
1020.214016,0.4
1020.38784,0.41
1020.534272,0.42
1020.776704,0.43
1021.14944,0.44
1041.981184,0.45
1042.311168,0.46
1042.549504,0.47
1043.01824,0.48
1048.02432,0.49
1048.430848,0.5
1048.93696,0.51
1058.089472,0.52
1058.515712,0.53
1059.148032,0.54
1070.22208,0.55
1070.511616,0.56
1070.73152,0.57
1070.980864,0.58
1085.552896,0.59
1086.186496,0.6
1086.600448,0.61
1105.115136,0.62
1106.326272,0.63
1106.781696,0.64
1107.962368,0.65
1108.514816,0.66
1108.677376,0.67
1108.982528,0.68
1109.53472,0.69
1133.30176,0.7
1134.201344,0.71
1134.379776,0.72
1134.593024,0.73
1134.727424,0.74
1135.314432,0.75
1162.25408,0.76
1162.537728,0.77
1163.020032,0.78
1172.166912,0.79
1172.356864,0.8
1172.567552,0.81
1172.840192,0.82
1173.591808,0.83
1200.283648,0.84
1200.675328,0.85
1200.85632,0.86
1201.845504,0.87
1222.334976,0.88
1223.254784,0.89
1238.338048,0.9,0.9
1238.392064,0.9009999999999999
1238.435072,0.902
1238.441216,0.903
1238.456832,0.904
1238.504448,0.905
1238.571008,0.9059999999999999
1238.571776,0.907
1238.59584,0.9079999999999999
1238.619392,0.909
1238.62656,0.91
1238.723072,0.9109999999999999
1238.773248,0.912
1238.793472,0.9129999999999999
1238.84672,0.914
1238.855168,0.915
1238.937344,0.9159999999999999
1239.001088,0.917
1239.248896,0.9179999999999999
1239.348736,0.919
1254.910208,0.92
1270.417664,0.9209999999999999
1285.773056,0.922
1286.023168,0.9229999999999999
1286.102016,0.924
1286.113024,0.925
1286.221312,0.9259999999999999
1286.226176,0.927
1286.29504,0.9279999999999999
1286.299136,0.929
1286.33472,0.93
1286.345728,0.9309999999999999
1286.369024,0.932
1286.384896,0.9329999999999999
1286.465024,0.934
1286.500096,0.935
1286.516736,0.9359999999999999
1286.524416,0.937
1286.592512,0.938
1286.650112,0.9390000000000001
1286.840576,0.94
1286.8992,0.941
1286.916608,0.9420000000000001
1287.030528,0.943
1287.136,0.9440000000000001
1287.163648,0.945
1313.750784,0.946
1314.07488,0.9470000000000001
1314.141696,0.948
1314.352896,0.9490000000000001
1314.426368,0.95
1314.477312,0.951
1314.531584,0.9520000000000001
1314.536192,0.953
1314.537728,0.9540000000000001
1314.591232,0.955
1314.623744,0.956
1314.639104,0.9570000000000001
1314.745088,0.958
1314.871808,0.9590000000000001
1314.954752,0.96
1314.973696,0.961
1314.985984,0.9620000000000001
1315.088896,0.963
1315.236864,0.9640000000000001
1315.242752,0.965
1315.35104,0.966
1315.378688,0.9670000000000001
1315.419904,0.968
1320.908032,0.9690000000000001
1351.505664,0.97
1351.789312,0.971
1352.402688,0.972
1352.507136,0.973
1352.594944,0.9740000000000001
1352.731904,0.975
1352.814592,0.976
1352.822784,0.977
1352.840448,0.978
1352.864512,0.9790000000000001
1353.00608,0.98
1353.13408,0.981
1353.153024,0.982
1353.507328,0.983
1353.572352,0.9840000000000001
1353.620736,0.985
1362.8096,0.986
1465.988352,0.987
1466.023168,0.988
1466.094592,0.9890000000000001
1466.15936,0.99,0.99
1466.15936,0.9901000000000001
1466.325504,0.9902
1466.325504,0.9903
1466.325504,0.9904000000000001
1466.325504,0.9904999999999999
1466.325504,0.9906
1466.325504,0.9906999999999999
1466.325504,0.9908
1466.325504,0.9909
1466.325504,0.991
1466.418176,0.9911
1466.418176,0.9912000000000001
1466.418176,0.9913
1466.418176,0.9914000000000001
1466.418176,0.9915
1466.418176,0.9915999999999999
1466.418176,0.9917
1466.418176,0.9918
1466.418176,0.9919
1466.575104,0.992
1466.575104,0.9921
1466.575104,0.9922
1466.575104,0.9923000000000001
1466.575104,0.9924
1466.575104,0.9925
1466.575104,0.9926
1466.575104,0.9926999999999999
1466.575104,0.9928
1466.690048,0.9929000000000001
1466.690048,0.993
1466.690048,0.9931
1466.690048,0.9932
1466.690048,0.9933
1466.690048,0.9934000000000001
1466.690048,0.9934999999999999
1466.690048,0.9936
1466.690048,0.9937
1466.703872,0.9937999999999999
1466.703872,0.9939
1466.703872,0.9940000000000001
1466.703872,0.9941
1466.703872,0.9942
1466.703872,0.9943000000000001
1466.703872,0.9944
1466.703872,0.9945
1466.703872,0.9945999999999999
1466.70976,0.9947
1466.70976,0.9948
1466.70976,0.9948999999999999
1466.70976,0.995
1466.70976,0.9951000000000001
1466.70976,0.9952
1466.70976,0.9953
1466.70976,0.9954000000000001
1466.70976,0.9954999999999999
1466.782464,0.9956
1466.782464,0.9956999999999999
1466.782464,0.9958
1466.782464,0.9959
1466.782464,0.996
1466.782464,0.9961
1466.782464,0.9962000000000001
1466.782464,0.9963
1466.782464,0.9964
1466.827776,0.9965
1466.827776,0.9965999999999999
1466.827776,0.9967
1466.827776,0.9968
1466.827776,0.9969
1466.827776,0.997
1466.827776,0.9971
1466.827776,0.9972
1466.827776,0.9973000000000001
1466.83648,0.9974
1466.83648,0.9975
1466.83648,0.9976
1466.83648,0.9976999999999999
1466.83648,0.9978
1466.83648,0.9979
1466.83648,0.998
1466.83648,0.9981
1466.83648,0.9982
1467.17312,0.9983
1467.17312,0.9984000000000001
1467.17312,0.9984999999999999
1467.17312,0.9986
1467.17312,0.9987
1467.17312,0.9987999999999999
1467.17312,0.9989
1467.17312,0.9990000000000001,0.999
1467.17312,0.9990100000000001
1467.17312,0.99902
1467.17312,0.9990300000000001
1467.17312,0.9990400000000002
1467.17312,0.99905
1467.17312,0.9990600000000001
1467.17312,0.9990700000000001
1467.17312,0.99908
1467.17312,0.99909
1467.17312,0.9991000000000001
1467.3472,0.99911
1467.3472,0.99912
1467.3472,0.9991300000000001
1467.3472,0.99914
1467.3472,0.9991500000000001
1467.3472,0.9991600000000002
1467.3472,0.99917
1467.3472,0.9991800000000001
1467.3472,0.9991900000000001
1467.3472,0.9992
1467.3472,0.99921
1467.3472,0.9992200000000001
1467.3472,0.9992300000000001
1467.3472,0.99924
1467.3472,0.9992500000000001
1467.3472,0.99926
1467.3472,0.9992700000000001
1467.3472,0.9992800000000002
1467.3472,0.99929
1467.3472,0.9993000000000001
1467.3472,0.9993100000000001
1467.3472,0.99932
1467.3472,0.99933
1467.3472,0.9993400000000001
1467.3472,0.9993500000000001
1467.3472,0.99936
1467.3472,0.9993700000000001
1467.3472,0.99938
1467.3472,0.9993900000000001
1467.3472,0.9994000000000001
1467.3472,0.99941
1467.3472,0.9994200000000001
1467.3472,0.9994300000000002
1467.3472,0.99944
1467.3472,0.9994500000000001
1467.3472,0.9994600000000001
1467.3472,0.9994700000000001
1467.3472,0.99948
1467.3472,0.9994900000000001
1467.3472,0.9995
1467.3472,0.9995100000000001
1467.3472,0.9995200000000001
1467.3472,0.99953
1467.3472,0.9995400000000001
1467.3472,0.9995500000000002
1467.3472,0.99956
1467.3472,0.9995700000000001
1467.3472,0.9995800000000001
1467.3472,0.99959
1467.3472,0.9996
1467.3472,0.9996100000000001
1467.3472,0.9996200000000001
1467.3472,0.9996300000000001
1467.3472,0.99964
1467.3472,0.99965
1467.3472,0.9996600000000001
1467.3472,0.99967
1467.3472,0.99968
1467.3472,0.9996900000000001
1467.3472,0.9997
1467.3472,0.99971
1467.3472,0.99972
1467.3472,0.99973
1467.3472,0.9997400000000001
1467.3472,0.9997500000000001
1467.3472,0.99976
1467.3472,0.99977
1467.3472,0.9997800000000001
1467.3472,0.99979
1467.3472,0.9998
1467.3472,0.9998100000000001
1467.3472,0.99982
1467.3472,0.99983
1467.3472,0.9998400000000001
1467.3472,0.99985
1467.3472,0.9998600000000001
1467.3472,0.99987
1467.3472,0.99988
1467.3472,0.9998900000000001
