93.85472,0.01
94.052608,0.02
94.17344,0.03
94.30656,0.04
94.502912,0.05
95.168,0.06
131.833088,0.07
131.99744,0.08
132.115712,0.09
132.206848,0.1
132.288768,0.11
132.37248,0.12
132.478208,0.13
132.596736,0.14
132.763904,0.15
133.025024,0.16
133.652224,0.17
181.910016,0.18
182.114048,0.19
182.25664,0.2
182.40128,0.21
182.585088,0.22
182.882048,0.23
187.259904,0.24
187.69408,0.25
188.004096,0.26
188.2048,0.27
188.385536,0.28
188.603904,0.29
188.960256,0.3
190.22976,0.31
242.019072,0.32
242.205184,0.33
242.329856,0.34
242.4512,0.35
242.586112,0.36
242.772224,0.37
243.411712,0.38
263.548928,0.39
263.828736,0.4
264.047616,0.41
264.212992,0.42
264.348416,0.43
264.475392,0.44
264.58496,0.45
264.695296,0.46
264.8256,0.47
264.962816,0.48
265.131264,0.49
265.33632,0.5
265.625856,0.51
266.164736,0.52
289.774848,0.53
290.049792,0.54
290.203136,0.55
290.304512,0.56
290.406144,0.57
290.527488,0.58
290.676992,0.59
290.926592,0.6
291.838464,0.61
363.805184,0.62
364.142336,0.63
364.376576,0.64
364.559616,0.65
364.752896,0.66
364.950272,0.67
365.25696,0.68
365.991424,0.69
483.820288,0.7
484.173568,0.71
484.385024,0.72
484.567296,0.73
484.713728,0.74
484.87552,0.75
485.06752,0.76
485.293824,0.77
485.628928,0.78
486.822912,0.79
579.599872,0.8
580.029696,0.81
580.3072,0.82
580.480256,0.83
580.631552,0.84
580.772096,0.85
580.923392,0.86
581.084416,0.87
581.294592,0.88
581.585664,0.89
582.246144,0.9,0.9
582.374144,0.9009999999999999
582.610944,0.902
582.820608,0.903
583.232,0.904
587.700992,0.905
593.879808,0.9059999999999999
601.29024,0.907
609.302528,0.9079999999999999
611.510016,0.909
613.766912,0.91
630.327808,0.9109999999999999
642.392576,0.912
649.458432,0.9129999999999999
650.207488,0.914
651.334912,0.915
653.625856,0.9159999999999999
661.317888,0.917
673.46688,0.9179999999999999
685.916672,0.919
688.593664,0.92
691.534848,0.9209999999999999
698.846208,0.922
699.77472,0.9229999999999999
700.938752,0.924
702.700288,0.925
711.855616,0.9259999999999999
720.61568,0.927
722.473216,0.9279999999999999
730.255104,0.929
737.81248,0.93
739.231744,0.9309999999999999
743.49056,0.932
749.147648,0.9329999999999999
750.24384,0.934
758.429696,0.935
759.174912,0.9359999999999999
760.030464,0.937
760.979968,0.938
761.85088,0.9390000000000001
768.814848,0.94
786.168576,0.941
787.839232,0.9420000000000001
789.554944,0.943
797.403648,0.9440000000000001
798.418944,0.945
800.15232,0.946
806.804736,0.9470000000000001
807.957504,0.948
808.85376,0.9490000000000001
809.3888,0.95
810.276864,0.951
814.169856,0.9520000000000001
823.44576,0.953
837.252864,0.9540000000000001
845.206016,0.955
846.362368,0.956
847.5072,0.9570000000000001
848.04096,0.958
849.139712,0.9590000000000001
850.685184,0.96
857.065472,0.961
859.324672,0.9620000000000001
868.485632,0.963
869.567488,0.9640000000000001
870.929664,0.965
884.82816,0.966
895.296768,0.9670000000000001
896.397312,0.968
897.392896,0.9690000000000001
898.688512,0.97
907.003392,0.971
908.411904,0.972
909.851904,0.973
916.449536,0.9740000000000001
918.105856,0.975
922.230016,0.976
938.03648,0.977
946.649856,0.978
955.177728,0.9790000000000001
956.546048,0.98
957.497856,0.981
959.12576,0.982
965.40288,0.983
972.441088,0.9840000000000001
990.071552,0.985
1004.082432,0.986
1005.917696,0.987
1008.824576,0.988
1018.265088,0.9890000000000001
1033.458944,0.99,0.99
1033.943552,0.9901000000000001
1034.494208,0.9902
1035.596544,0.9903
1037.214976,0.9904000000000001
1037.453312,0.9904999999999999
1037.890048,0.9906
1038.938112,0.9906999999999999
1039.982848,0.9908
1041.163264,0.9909
1044.589824,0.991
1045.24288,0.9911
1048.006912,0.9912000000000001
1048.501504,0.9913
1050.326784,0.9914000000000001
1051.845888,0.9915
1052.733696,0.9915999999999999
1054.0096,0.9917
1056.147456,0.9918
1056.936448,0.9919
1058.242304,0.992
1058.988288,0.9921
1060.75904,0.9922
1062.073088,0.9923000000000001
1063.965952,0.9924
1064.447488,0.9925
1065.229568,0.9926
1065.34912,0.9926999999999999
1065.492224,0.9928
1065.797376,0.9929000000000001
1066.4128,0.993
1067.239168,0.9931
1067.665408,0.9932
1068.345344,0.9933
1069.061888,0.9934000000000001
1070.046976,0.9934999999999999
1071.151616,0.9936
1071.642368,0.9937
1072.238848,0.9937999999999999
1074.86464,0.9939
1075.889408,0.9940000000000001
1077.234688,0.9941
1079.79904,0.9942
1080.352512,0.9943000000000001
1081.562368,0.9944
1082.430976,0.9945
1082.521344,0.9945999999999999
1082.93888,0.9947
1084.142336,0.9948
1087.764224,0.9948999999999999
1088.752384,0.995
1090.097408,0.9951000000000001
1090.298368,0.9952
1094.55104,0.9953
1099.092224,0.9954000000000001
1102.702336,0.9954999999999999
1102.821888,0.9956
1104.494848,0.9956999999999999
1109.982464,0.9958
1114.427904,0.9959
1114.535936,0.996
1114.790656,0.9961
1115.971584,0.9962000000000001
1120.397568,0.9963
1121.557504,0.9964
1125.13664,0.9965
1129.14048,0.9965999999999999
1129.801472,0.9967
1134.838784,0.9968
1136.566272,0.9969
1138.081536,0.997
1138.405376,0.9971
1142.409472,0.9972
1144.428288,0.9973000000000001
1146.495744,0.9974
1150.514176,0.9975
1153.60512,0.9976
1161.544192,0.9976999999999999
1163.759104,0.9978
1166.292992,0.9979
1171.12192,0.998
1173.569792,0.9981
1177.589248,0.9982
1186.471168,0.9983
1189.462272,0.9984000000000001
1191.460096,0.9984999999999999
1193.261056,0.9986
1195.49184,0.9987
1209.927936,0.9987999999999999
1224.804352,0.9989
1228.313088,0.9990000000000001,0.999
1228.313088,0.9990100000000001
1230.10048,0.99902
1230.10048,0.9990300000000001
1230.10048,0.9990400000000002
1230.10048,0.99905
1231.67232,0.9990600000000001
1231.67232,0.9990700000000001
1231.67232,0.99908
1233.72672,0.99909
1233.72672,0.9991000000000001
1233.72672,0.99911
1239.685888,0.99912
1239.685888,0.9991300000000001
1239.685888,0.99914
1242.647552,0.9991500000000001
1242.647552,0.9991600000000002
1242.647552,0.99917
1242.647552,0.9991800000000001
1242.933248,0.9991900000000001
1242.933248,0.9992
1242.933248,0.99921
1243.065856,0.9992200000000001
1243.065856,0.9992300000000001
1243.065856,0.99924
1243.282432,0.9992500000000001
1243.282432,0.99926
1243.282432,0.9992700000000001
1243.282432,0.9992800000000002
1244.157952,0.99929
1244.157952,0.9993000000000001
1244.157952,0.9993100000000001
1244.763136,0.99932
1244.763136,0.99933
1244.763136,0.9993400000000001
1246.208768,0.9993500000000001
1246.208768,0.99936
1246.208768,0.9993700000000001
1247.785472,0.99938
1247.785472,0.9993900000000001
1247.785472,0.9994000000000001
1247.785472,0.99941
1249.496064,0.9994200000000001
1249.496064,0.9994300000000002
1249.496064,0.99944
1251.263488,0.9994500000000001
1251.263488,0.9994600000000001
1251.263488,0.9994700000000001
1253.424128,0.99948
1253.424128,0.9994900000000001
1253.424128,0.9995
1253.711872,0.9995100000000001
1253.711872,0.9995200000000001
1253.711872,0.99953
1253.711872,0.9995400000000001
1256.626688,0.9995500000000002
1256.626688,0.99956
1256.626688,0.9995700000000001
1264.08192,0.9995800000000001
1264.08192,0.99959
1264.08192,0.9996
1265.753856,0.9996100000000001
1265.753856,0.9996200000000001
1265.753856,0.9996300000000001
1265.753856,0.99964
1272.578816,0.99965
1272.578816,0.9996600000000001
1272.578816,0.99967
1272.934912,0.99968
1272.934912,0.9996900000000001
1272.934912,0.9997
1276.870912,0.99971
1276.870912,0.99972
1276.870912,0.99973
1281.74592,0.9997400000000001
1281.74592,0.9997500000000001
1281.74592,0.99976
1281.74592,0.99977
1295.501824,0.9997800000000001
1295.501824,0.99979
1295.501824,0.9998
1300.290048,0.9998100000000001
1300.290048,0.99982
1300.290048,0.99983
1301.34272,0.9998400000000001
1301.34272,0.99985
1301.34272,0.9998600000000001
1320.685824,0.99987
1320.685824,0.99988
1320.685824,0.9998900000000001
