1887.357952,0.01
1899.19488,0.02
1936.64768,0.03
1947.487232,0.04
2005.613312,0.05
2016.736512,0.06
2032.029696,0.07
2048.675072,0.08
2114.491904,0.09
2123.375616,0.1
2160.875264,0.11
2161.615104,0.12
2162.035712,0.13
2162.266624,0.14
2162.4512,0.15
2162.712576,0.16
2162.961152,0.17
2163.188224,0.18
2163.378944,0.19
2163.605504,0.2
2163.839488,0.21
2164.060416,0.22
2164.220672,0.23
2164.461824,0.24
2164.6144,0.25
2164.72832,0.26
2164.905984,0.27
2165.073664,0.28
2165.201408,0.29
2165.325312,0.3
2165.4336,0.31
2165.639168,0.32
2165.775616,0.33
2165.870336,0.34
2165.970944,0.35
2166.100992,0.36
2166.180864,0.37
2166.298368,0.38
2166.418688,0.39
2166.569984,0.4
2166.7072,0.41
2166.850048,0.42
2166.95936,0.43
2167.12192,0.44
2167.231232,0.45
2167.387904,0.46
2167.515136,0.47
2167.61472,0.48
2167.74272,0.49
2167.872256,0.5
2168.033792,0.51
2168.139776,0.52
2168.246528,0.53
2168.367616,0.54
2168.517376,0.55
2168.650752,0.56
2168.78592,0.57
2169.001472,0.58
2169.189888,0.59
2169.302784,0.6
2169.537024,0.61
2169.729024,0.62
2169.909248,0.63
2170.099712,0.64
2170.314496,0.65
2170.509312,0.66
2170.681856,0.67
2170.925056,0.68
2171.202304,0.69
2171.44576,0.7
2171.716352,0.71
2172.08576,0.72
2172.545024,0.73
2173.042432,0.74
2173.420544,0.75
2174.033152,0.76
2174.963456,0.77
2176.962304,0.78
2179.687424,0.79
2189.524736,0.8
2199.307264,0.81
2216.417792,0.82
2226.102272,0.83
2232.338432,0.84
2235.470848,0.85
2253.376768,0.86
2272.487936,0.87
2289.334272,0.88
2314.731776,0.89
2338.751488,0.9,0.9
2339.672576,0.9009999999999999
2341.824768,0.902
2345.752832,0.903
2354.237952,0.904
2358.598144,0.905
2359.262464,0.9059999999999999
2359.87584,0.907
2360.818688,0.9079999999999999
2361.459456,0.909
2363.496448,0.91
2364.177408,0.9109999999999999
2369.719552,0.912
2372.541952,0.9129999999999999
2374.286592,0.914
2377.539072,0.915
2379.224832,0.9159999999999999
2380.387584,0.917
2382.80192,0.9179999999999999
2385.209088,0.919
2388.164608,0.92
2393.638144,0.9209999999999999
2404.018688,0.922
2407.030528,0.9229999999999999
2408.547584,0.924
2409.20192,0.925
2409.761792,0.9259999999999999
2409.827072,0.927
2410.78784,0.9279999999999999
2411.199488,0.929
2412.04352,0.93
2412.369408,0.9309999999999999
2413.379584,0.932
2413.632,0.9329999999999999
2414.226688,0.934
2415.112192,0.935
2416.35968,0.9359999999999999
2417.435904,0.937
2417.84192,0.938
2418.739456,0.9390000000000001
2418.833664,0.94
2419.228928,0.941
2419.488768,0.9420000000000001
2420.330752,0.943
2420.774656,0.9440000000000001
2421.243648,0.945
2421.444096,0.946
2421.899264,0.9470000000000001
2422.528768,0.948
2423.190272,0.9490000000000001
2424.802304,0.95
2426.229248,0.951
2429.41568,0.9520000000000001
2432.451328,0.953
2436.387328,0.9540000000000001
2448.13952,0.955
2456.289536,0.956
2462.358528,0.9570000000000001
2462.847232,0.958
2464.59264,0.9590000000000001
2465.718528,0.96
2466.588672,0.961
2468.296192,0.9620000000000001
2469.573376,0.963
2469.994752,0.9640000000000001
2470.81344,0.965
2472.152576,0.966
2472.292096,0.9670000000000001
2472.439808,0.968
2472.913152,0.9690000000000001
2474.31936,0.97
2474.73152,0.971
2475.667968,0.972
2475.964672,0.973
2476.236032,0.9740000000000001
2477.379072,0.975
2478.048256,0.976
2478.681856,0.977
2479.800576,0.978
2480.335104,0.9790000000000001
2480.571136,0.98
2481.745152,0.981
2484.279808,0.982
2490.838016,0.983
2493.034496,0.9840000000000001
2495.634176,0.985
2497.470208,0.986
2499.351552,0.987
2501.057792,0.988
2535.400448,0.9890000000000001
2544.83584,0.99,0.99
2544.83584,0.9901000000000001
2545.973504,0.9902
2545.973504,0.9903
2545.973504,0.9904000000000001
2545.973504,0.9904999999999999
2546.11584,0.9906
2546.11584,0.9906999999999999
2546.11584,0.9908
2548.313856,0.9909
2548.313856,0.991
2548.313856,0.9911
2548.313856,0.9912000000000001
2549.294592,0.9913
2549.294592,0.9914000000000001
2549.294592,0.9915
2552.87808,0.9915999999999999
2552.87808,0.9917
2552.87808,0.9918
2552.87808,0.9919
2553.371904,0.992
2553.371904,0.9921
2553.371904,0.9922
2557.932032,0.9923000000000001
2557.932032,0.9924
2557.932032,0.9925
2557.932032,0.9926
2563.278336,0.9926999999999999
2563.278336,0.9928
2563.278336,0.9929000000000001
2563.43168,0.993
2563.43168,0.9931
2563.43168,0.9932
2563.43168,0.9933
2567.083264,0.9934000000000001
2567.083264,0.9934999999999999
2567.083264,0.9936
2591.375104,0.9937
2591.375104,0.9937999999999999
2591.375104,0.9939
2591.375104,0.9940000000000001
2617.485312,0.9941
2617.485312,0.9942
2617.485312,0.9943000000000001
2620.036352,0.9944
2620.036352,0.9945
2620.036352,0.9945999999999999
2620.036352,0.9947
2624.925696,0.9948
2624.925696,0.9948999999999999
2624.925696,0.995
2625.763328,0.9951000000000001
2625.763328,0.9952
2625.763328,0.9953
2625.763328,0.9954000000000001
2632.780032,0.9954999999999999
2632.780032,0.9956
2632.780032,0.9956999999999999
2673.983488,0.9958
2673.983488,0.9959
2673.983488,0.996
2673.983488,0.9961
2695.510016,0.9962000000000001
2695.510016,0.9963
2695.510016,0.9964
2698.922752,0.9965
2698.922752,0.9965999999999999
2698.922752,0.9967
2698.922752,0.9968
2730.640128,0.9969
2730.640128,0.997
2730.640128,0.9971
2743.26016,0.9972
2743.26016,0.9973000000000001
2743.26016,0.9974
2743.26016,0.9975
2746.1824,0.9976
2746.1824,0.9976999999999999
2746.1824,0.9978
2775.812608,0.9979
2775.812608,0.998
2775.812608,0.9981
2775.812608,0.9982
2814.139648,0.9983
2814.139648,0.9984000000000001
2814.139648,0.9984999999999999
2816.379904,0.9986
2816.379904,0.9987
2816.379904,0.9987999999999999
2816.379904,0.9989
2843.03232,0.9990000000000001,0.999
2843.03232,0.9990100000000001
2843.03232,0.99902
2843.03232,0.9990300000000001
2843.03232,0.9990400000000002
2843.03232,0.99905
2843.03232,0.9990600000000001
2843.03232,0.9990700000000001
2843.03232,0.99908
2843.03232,0.99909
2843.03232,0.9991000000000001
2843.03232,0.99911
2843.03232,0.99912
2843.03232,0.9991300000000001
2843.03232,0.99914
2843.03232,0.9991500000000001
2843.03232,0.9991600000000002
2843.03232,0.99917
2843.03232,0.9991800000000001
2843.03232,0.9991900000000001
2843.03232,0.9992
2843.03232,0.99921
2843.03232,0.9992200000000001
2843.03232,0.9992300000000001
2843.03232,0.99924
2843.03232,0.9992500000000001
2843.03232,0.99926
2843.03232,0.9992700000000001
2843.03232,0.9992800000000002
2843.03232,0.99929
2853.892352,0.9993000000000001
2853.892352,0.9993100000000001
2853.892352,0.99932
2853.892352,0.99933
2853.892352,0.9993400000000001
2853.892352,0.9993500000000001
2853.892352,0.99936
2853.892352,0.9993700000000001
2853.892352,0.99938
2853.892352,0.9993900000000001
2853.892352,0.9994000000000001
2853.892352,0.99941
2853.892352,0.9994200000000001
2853.892352,0.9994300000000002
2853.892352,0.99944
2853.892352,0.9994500000000001
2853.892352,0.9994600000000001
2853.892352,0.9994700000000001
2853.892352,0.99948
2853.892352,0.9994900000000001
2853.892352,0.9995
2853.892352,0.9995100000000001
2853.892352,0.9995200000000001
2853.892352,0.99953
2853.892352,0.9995400000000001
2853.892352,0.9995500000000002
2853.892352,0.99956
2853.892352,0.9995700000000001
2853.892352,0.9995800000000001
2853.892352,0.99959
2853.892352,0.9996
2853.892352,0.9996100000000001
2853.892352,0.9996200000000001
2853.892352,0.9996300000000001
2853.892352,0.99964
2876.108544,0.99965
2876.108544,0.9996600000000001
2876.108544,0.99967
2876.108544,0.99968
2876.108544,0.9996900000000001
2876.108544,0.9997
2876.108544,0.99971
2876.108544,0.99972
2876.108544,0.99973
2876.108544,0.9997400000000001
2876.108544,0.9997500000000001
2876.108544,0.99976
2876.108544,0.99977
2876.108544,0.9997800000000001
2876.108544,0.99979
2876.108544,0.9998
2876.108544,0.9998100000000001
2876.108544,0.99982
2876.108544,0.99983
2876.108544,0.9998400000000001
2876.108544,0.99985
2876.108544,0.9998600000000001
2876.108544,0.99987
2876.108544,0.99988
2876.108544,0.9998900000000001
