2034883580.76847,508.653291
2034884297.088597,715.614023
2034884914.484177,615.590291
2034885421.733314,506.59821400000004
2034885930.3777142,507.749762
2034886445.2304962,513.436214
2034886954.019591,508.01350499999995
2034887462.609288,506.83283199999994
2034887973.447899,509.11284700000004
2034888488.465349,513.576287
2034889000.914473,511.706796
2034889508.311745,507.07236
2034890019.6642032,511.24155
2034890623.6342058,603.202621
2034891344.825099,720.164096
2034891858.6023118,513.261003
2034892365.9457011,505.99885
2034892873.4632452,506.094418
2034893489.304831,614.453221
2034894098.241389,607.048653
2034894611.3599381,512.425132
2034895223.534029,611.159745
2034895731.8799858,506.830801
2034896239.504773,506.32596799999993
2034896745.99536,504.70644200000004
2034897363.533963,616.836603
2034897875.414293,509.768545
2034898495.9862862,619.077573
2034899104.868659,607.273099
2034899618.770107,512.332558
2034900223.564734,603.4061979999999
2034900838.062921,613.8216990000001
2034901354.816021,516.290958
2034901871.917171,515.639163
2034902381.995777,509.00073599999996
2034902996.053497,613.205913
2034903507.0102642,509.62055399999997
2034904112.520878,604.775665
2034904626.063309,512.417711
2034905133.24782,506.88488099999995
2034905640.7368722,505.41432
2034906158.541308,517.302049
2034906665.432862,506.180215
