240143221.74557102,1607.88669
240144830.46216202,1607.806883
240146439.31255198,1607.840858
240148048.25531,1608.3503859999998
240149656.881418,1607.8231819999999
240151265.541049,1608.113688
240152874.57641602,1608.065036
240154484.642825,1608.663218
240156093.549845,1608.35388
240157702.574352,1607.58674
240159312.120602,1607.8730560000001
240160920.515802,1607.910989
240162530.091943,1607.7372320000002
240164139.244007,1607.993492
240165748.954698,1607.932307
240238976.549804,1608.1899660000001
240240584.87517202,1607.842588
240240842.83945101,1607.950106
240241337.762184,1607.8057219999998
240242058.121779,1607.889249
240242193.385522,1607.6316040000002
240242356.915867,1607.7837880000002
240242371.190847,1608.0295250000001
240242451.13340402,1607.810607
240242565.361185,1608.13648
240242946.55019,1607.585599
240243667.343038,1607.888073
240243802.80377,1608.004218
240243965.958626,1608.025621
240243980.655845,1607.706944
240244060.45683903,1608.001132
240244175.039288,1608.257699
240244557.23378798,1608.5430860000001
240245276.928688,1607.737226
240245412.818871,1608.0076299999998
240245575.49888203,1607.9800639999999
240245588.881626,1607.494617
240245670.13257402,1608.204524
240245783.566901,1607.764154
240246167.464187,1608.172715
240246887.536939,1608.485174
240247020.825003,1607.482332
240247184.830821,1607.6258320000002
240247197.59171,1607.994095
240247278.912729,1607.882821
240247392.439969,1607.9771759999999
240247776.334068,1607.429831
240248496.44374698,1608.090158
240248630.43921602,1608.0426830000001
240248793.908676,1607.954565
240248806.039622,1607.31297
240248888.21357,1607.850615
240249001.334054,1607.930164
240249384.985454,1608.1304519999999
240250106.379009,1607.8790709999998
240250239.41081402,1608.288522
240250403.320803,1607.6476639999998
240250415.88981798,1608.303186
240250498.163458,1608.123269
240250610.58037502,1607.783587
240250995.104384,1608.135382
240251715.484698,1608.0075940000002
240251849.160658,1608.131799
240252013.50426102,1608.044924
240252026.066424,1608.083341
240252108.430889,1608.5757370000001
240252218.971168,1608.1115379999999
240252604.198642,1607.9780580000001
240253324.23160198,1607.90695
240253458.321509,1608.112359
240253622.348014,1607.9725039999998
240253634.303444,1608.042733
240253717.28462902,1607.8110880000002
240253826.613352,1607.540406
240254212.643569,1607.926915
240254933.24878898,1607.7457749999999
240255067.434465,1607.688829
240255230.797748,1607.862792
240255243.876062,1608.095655
240255325.20439798,1607.69273
240255436.43175998,1608.2269760000001
240255820.424471,1607.573299
240256541.991832,1607.809463
240256676.11563298,1608.284143
240256839.713254,1607.579151
240256852.12854102,1607.862711
240256934.51456,1607.967095
240257045.87634498,1607.4137580000001
240257428.65248302,1607.90545
240258150.424229,1608.198383
240258285.923466,1607.944206
240258448.669158,1607.899052
240258460.539725,1608.2982
240258542.984334,1608.027268
240258655.554091,1608.0851659999998
240259038.196777,1608.237459
240259759.664321,1607.983955
240259894.157263,1607.886634
240260058.56209,1608.004992
240260070.51413,1607.9119420000002
240260151.431686,1607.755176
240260264.66197598,1608.2307010000002
240260648.124085,1608.022089
240261369.003089,1607.859559
240261504.338043,1608.829768
240261666.799056,1607.797096
240261679.950597,1607.8989139999999
240261760.687242,1608.358247
240261874.000128,1607.9755380000001
240262256.70693702,1608.0676270000001
240262977.70341402,1607.903596
240263276.938776,1607.994269
240263289.486687,1608.3945390000001
240263368.89576,1607.894652
240263482.52723,1607.8307849999999
240263865.520057,1608.051244
240264587.690016,1607.980041
240264886.578031,1608.091041
240264897.89944702,1608.20915
240265091.610154,1608.190805
