770.02496,0.01
773.07008,0.02
781.529088,0.03
848.37376,0.04
850.491392,0.05
853.347584,0.06
858.144256,0.07
860.738048,0.08
869.161728,0.09
872.115712,0.1
915.67104,0.11
926.524928,0.12
929.312512,0.13
931.593472,0.14
934.60096,0.15
938.447872,0.16
940.91392,0.17
943.987712,0.18
948.606208,0.19
956.685568,0.2
959.997184,0.21
994.106624,0.22
1002.1504,0.23
1004.820224,0.24
1007.252224,0.25
1010.061824,0.26
1012.433408,0.27
1014.523648,0.28
1016.190208,0.29
1018.668032,0.3
1026.243072,0.31
1029.593856,0.32
1034.906624,0.33
1037.89312,0.34
1047.240448,0.35
1071.816448,0.36
1074.436864,0.37
1076.093184,0.38
1086.524416,0.39
1089.155584,0.4
1091.07712,0.41
1092.228352,0.42
1094.182912,0.43
1097.998848,0.44
1100.680448,0.45
1102.588416,0.46
1107.42912,0.47
1110.999552,0.48
1118.002944,0.49
1126.873088,0.5
1139.74784,0.51
1150.091008,0.52
1153.359104,0.53
1160.568576,0.54
1168.263424,0.55
1170.209024,0.56
1172.150016,0.57
1173.519872,0.58
1177.528832,0.59
1179.367424,0.6
1180.845056,0.61
1182.514944,0.62
1189.378048,0.63
1192.215296,0.64
1215.880448,0.65
1224.302848,0.66
1226.696448,0.67
1231.316224,0.68
1234.154752,0.69
1236.837376,0.7
1250.675456,0.71
1252.203008,0.72
1254.12096,0.73
1260.829696,0.74
1262.917632,0.75
1293.061376,0.76
1295.99232,0.77
1298.113024,0.78
1302.192384,0.79
1305.009408,0.8
1312.464384,0.81
1313.816832,0.82
1315.205888,0.83
1316.987136,0.84
1325.425408,0.85
1335.850752,0.86
1359.955712,0.87
1363.469312,0.88
1377.099008,0.89
1385.102336,0.9,0.9
1385.282816,0.9009999999999999
1385.573888,0.902
1385.885696,0.903
1386.426368,0.904
1386.757888,0.905
1386.919168,0.9059999999999999
1387.343104,0.907
1387.706368,0.9079999999999999
1388.089088,0.909
1388.604416,0.91
1388.946944,0.9109999999999999
1389.793792,0.912
1390.795776,0.9129999999999999
1394.622208,0.914
1395.03744,0.915
1395.25888,0.9159999999999999
1395.472384,0.917
1395.628288,0.9179999999999999
1395.706112,0.919
1395.97056,0.92
1396.166144,0.9209999999999999
1396.269312,0.922
1396.573696,0.9229999999999999
1396.7488,0.924
1396.99968,0.925
1397.36192,0.9259999999999999
1397.678592,0.927
1397.984512,0.9279999999999999
1398.333696,0.929
1398.715136,0.93
1399.014144,0.9309999999999999
1399.452416,0.932
1409.441536,0.9329999999999999
1436.663808,0.934
1437.04576,0.935
1437.280512,0.9359999999999999
1437.746944,0.937
1438.120704,0.938
1438.243328,0.9390000000000001
1438.304256,0.94
1438.661376,0.941
1439.062272,0.9420000000000001
1439.81952,0.943
1440.29568,0.9440000000000001
1440.539904,0.945
1441.689344,0.946
1445.526016,0.9470000000000001
1446.542592,0.948
1447.334912,0.9490000000000001
1447.52,0.95
1447.994368,0.951
1448.087808,0.9520000000000001
1448.470272,0.953
1448.694272,0.9540000000000001
1448.756736,0.955
1449.030144,0.956
1449.633024,0.9570000000000001
1450.256384,0.958
1451.009024,0.9590000000000001
1451.491584,0.96
1452.068352,0.961
1456.331008,0.9620000000000001
1456.794624,0.963
1457.259264,0.9640000000000001
1457.422592,0.965
1457.549824,0.966
1457.791232,0.9670000000000001
1458.125824,0.968
1458.386944,0.9690000000000001
1458.942464,0.97
1459.08096,0.971
1459.195904,0.972
1459.766784,0.973
1460.091136,0.9740000000000001
1460.307968,0.975
1460.731904,0.976
1461.349632,0.977
1491.904256,0.978
1518.528256,0.9790000000000001
1519.33952,0.98
1519.90272,0.981
1519.99744,0.982
1520.297728,0.983
1520.530176,0.9840000000000001
1520.93312,0.985
1521.082624,0.986
1521.428224,0.987
1521.709056,0.988
1522.139136,0.9890000000000001
1522.678784,0.99,0.99
1522.678784,0.9901000000000001
1522.7648,0.9902
1522.7648,0.9903
1522.7648,0.9904000000000001
1522.86592,0.9904999999999999
1522.86592,0.9906
1522.896896,0.9906999999999999
1522.896896,0.9908
1522.899456,0.9909
1522.899456,0.991
1522.899456,0.9911
1522.935296,0.9912000000000001
1522.935296,0.9913
1523.08608,0.9914000000000001
1523.08608,0.9915
1523.103232,0.9915999999999999
1523.103232,0.9917
1523.227904,0.9918
1523.227904,0.9919
1523.227904,0.992
1523.269376,0.9921
1523.269376,0.9922
1523.815168,0.9923000000000001
1523.815168,0.9924
1580.014336,0.9925
1580.014336,0.9926
1580.014336,0.9926999999999999
1580.523264,0.9928
1580.523264,0.9929000000000001
1580.749824,0.993
1580.749824,0.9931
1580.782592,0.9932
1580.782592,0.9933
1580.985088,0.9934000000000001
1580.985088,0.9934999999999999
1580.985088,0.9936
1581.115904,0.9937
1581.115904,0.9937999999999999
1581.118208,0.9939
1581.118208,0.9940000000000001
1581.204224,0.9941
1581.204224,0.9942
1581.481984,0.9943000000000001
1581.481984,0.9944
1581.481984,0.9945
1581.507328,0.9945999999999999
1581.507328,0.9947
1581.68832,0.9948
1581.68832,0.9948999999999999
1581.716224,0.995
1581.716224,0.9951000000000001
1581.716224,0.9952
1581.749248,0.9953
1581.749248,0.9954000000000001
1581.786368,0.9954999999999999
1581.786368,0.9956
1581.836032,0.9956999999999999
1581.836032,0.9958
1581.892608,0.9959
1581.892608,0.996
1581.892608,0.9961
1581.96736,0.9962000000000001
1581.96736,0.9963
1582.016256,0.9964
1582.016256,0.9965
1582.063616,0.9965999999999999
1582.063616,0.9967
1582.063616,0.9968
1582.139904,0.9969
1582.139904,0.997
1582.14016,0.9971
1582.14016,0.9972
1582.204928,0.9973000000000001
1582.204928,0.9974
1582.244864,0.9975
1582.244864,0.9976
1582.244864,0.9976999999999999
1582.545152,0.9978
1582.545152,0.9979
1582.6368,0.998
1582.6368,0.9981
1582.722304,0.9982
1582.722304,0.9983
1582.722304,0.9984000000000001
1583.108608,0.9984999999999999
1583.108608,0.9986
1583.795456,0.9987
1583.795456,0.9987999999999999
1584.054784,0.9989
1584.054784,0.9990000000000001,0.999
1584.054784,0.9990100000000001
1584.054784,0.99902
1584.054784,0.9990300000000001
1584.054784,0.9990400000000002
1584.054784,0.99905
1584.054784,0.9990600000000001
1584.054784,0.9990700000000001
1584.054784,0.99908
1584.363776,0.99909
1584.363776,0.9991000000000001
1584.363776,0.99911
1584.363776,0.99912
1584.363776,0.9991300000000001
1584.363776,0.99914
1584.363776,0.9991500000000001
1584.363776,0.9991600000000002
1584.363776,0.99917
1584.363776,0.9991800000000001
1584.363776,0.9991900000000001
1584.363776,0.9992
1584.363776,0.99921
1584.363776,0.9992200000000001
1584.363776,0.9992300000000001
1584.363776,0.99924
1584.363776,0.9992500000000001
1584.363776,0.99926
1584.363776,0.9992700000000001
1584.363776,0.9992800000000002
1584.363776,0.99929
1584.363776,0.9993000000000001
1584.363776,0.9993100000000001
1584.50816,0.99932
1584.50816,0.99933
1584.50816,0.9993400000000001
1584.50816,0.9993500000000001
1584.50816,0.99936
1584.50816,0.9993700000000001
1584.50816,0.99938
1584.50816,0.9993900000000001
1584.50816,0.9994000000000001
1584.50816,0.99941
1584.50816,0.9994200000000001
1584.50816,0.9994300000000002
1584.50816,0.99944
1584.50816,0.9994500000000001
1584.50816,0.9994600000000001
1584.50816,0.9994700000000001
1584.50816,0.99948
1584.50816,0.9994900000000001
1584.50816,0.9995
1584.50816,0.9995100000000001
1584.50816,0.9995200000000001
1584.50816,0.99953
1584.50816,0.9995400000000001
1584.79232,0.9995500000000002
1584.79232,0.99956
1584.79232,0.9995700000000001
1584.79232,0.9995800000000001
1584.79232,0.99959
1584.79232,0.9996
1584.79232,0.9996100000000001
1584.79232,0.9996200000000001
1584.79232,0.9996300000000001
1584.79232,0.99964
1584.79232,0.99965
1584.79232,0.9996600000000001
1584.79232,0.99967
1584.79232,0.99968
1584.79232,0.9996900000000001
1584.79232,0.9997
1584.79232,0.99971
1584.79232,0.99972
1584.79232,0.99973
1584.79232,0.9997400000000001
1584.79232,0.9997500000000001
1584.79232,0.99976
1584.79232,0.99977
1585.018112,0.9997800000000001
1585.018112,0.99979
1585.018112,0.9998
1585.018112,0.9998100000000001
1585.018112,0.99982
1585.018112,0.99983
1585.018112,0.9998400000000001
1585.018112,0.99985
1585.018112,0.9998600000000001
1585.018112,0.99987
1585.018112,0.99988
1585.018112,0.9998900000000001
