2184797359.54105,7.709072
2184797372.290915,12.665474
2184797373.845417,1.508022
2184797374.782459,0.9030140000000001
2184797384.278572,9.462598
2184797394.340158,10.023536
2184797396.6056533,2.224767
2184797397.875535,1.2219259999999998
2184797400.0986557,2.188004
2184797413.6617074,13.511163
2184797414.924277,1.229239
2184797428.423789,13.460123
2184797432.429249,3.967577
2184797433.962089,1.486121
2184797435.7984376,1.799784
2184797437.225286,1.375305
2184797439.230191,1.950464
2184797440.955733,1.674954
2184797450.0911946,9.097097999999999
2184797463.368188,13.237662
2184797465.659185,2.255702
2184797471.400511,5.700405000000001
2184797472.759643,1.316087
2184797480.979096,8.171683000000002
2184797483.296447,2.2893779999999997
2184797484.717168,1.389613
2184797499.0401196,14.262171
2184797506.645697,7.58024
2184797509.2745767,2.601045
2184797517.896989,8.567091000000001
2184797519.823574,1.893397
2184797521.1150923,1.2459179999999999
2184797528.619416,7.29338
2184797543.34759,14.68221
2184797544.623775,1.2317509999999998
2184797545.2097554,0.471451
2184797556.76892,11.514313999999999
2184797567.920173,11.119387999999999
2184797569.723566,1.7710110000000001
2184797585.7247868,15.960144999999999
2184797595.9144073,10.148644
2184797597.700363,1.756732
2184797599.778492,2.028376
2184797607.697813,7.865541
2184797615.091652,7.346344
2184797616.73766,1.6183230000000002
2184797624.284771,7.505215
2184797635.40356,11.069466
2184797636.9540143,1.5046169999999999
2184797638.816967,1.8228980000000001
2184797648.0386944,9.18169
2184797649.791118,1.725554
2184797651.7212653,1.894239
2184797652.68911,0.9285
2184797653.790638,1.0626909999999998
2184797665.320728,11.490645
2184797667.1448803,1.784419
2184797680.870329,13.682391
2184797682.2369857,1.3346829999999998
2184797689.439157,7.155614
2184797703.714333,14.234012
2184797708.0964713,4.319756999999999
2184797720.2799277,12.148503
2184797722.2496953,1.913068
2184797723.952028,1.653173
2184797726.321863,2.331667
2184797727.96917,1.608627
2184797740.739592,12.707706
2184797749.448493,8.672648
2184797751.161222,1.666369
2184797762.863631,11.651625000000001
2184797763.676243,0.783259
2184797777.526898,13.814528
2184797779.080439,1.517785
2184797780.783853,1.6385029999999998
2184797783.0423384,2.197487
2184797785.2078533,2.124617
2184797787.497562,2.25509
2184797788.0621624,0.527824
2184797789.16357,1.0539589999999999
2184797798.647619,9.450045000000001
2184797800.391655,1.715395
2184797802.571876,2.136935
2184797812.08604,9.468622
2184797825.022493,12.891494
2184797837.537029,12.482075
2184797839.085783,1.516522
2184797851.81637,12.683824999999999
2184797861.7889333,9.939784999999999
2184797863.159751,1.331925
2184797870.990639,7.713010000000001
2184797872.3412232,1.310783
2184797886.120181,13.710170000000002
2184797887.692036,1.535142
2184797907.7144103,19.976998
2184797909.844481,2.053917
2184797912.790395,2.891451
2184797914.005278,1.157347
2184797923.529647,9.476385
2184797925.680391,2.093667
2184797928.589746,2.866324
2184797930.054133,1.432715
2184797931.4470267,1.361311
2184797942.291079,10.785674
2184797944.539964,2.219264
2184797946.174854,1.598999
2184797962.078855,15.855456
2184797994.084621,31.954459999999997
2184797996.479705,2.333935
2184798009.366769,12.84311
2184798024.3509717,14.95181
2184798031.603555,7.202239
2184798033.428155,1.749404
2184798045.460138,11.993929
2184798052.6796613,7.184381
2184798060.993991,8.273936
2184798061.818968,0.7925099999999999
2184798072.457681,10.601459
2184798073.979939,1.4932809999999999
2184798075.32156,1.3074350000000001
2184798077.0055957,1.6537789999999999
2184798084.2872996,7.2502260000000005
2184798086.012743,1.690066
2184798096.575517,10.522884999999999
2184798105.427707,8.781367
2184798108.1759973,2.706924
2184798108.890743,0.676891
2184798116.826647,7.866458
2184798118.280134,1.4148290000000001
2184798119.930577,1.585848
2184798120.709877,0.7406379999999999
2184798122.030616,1.285798
2184798123.1689568,1.1000210000000001
2184798124.7721267,1.571865
2184798132.302948,7.496079
2184798133.732588,1.4006509999999999
2184798145.1210213,11.358531
2184798160.0513597,14.887433
2184798162.074141,1.975588
2184798172.795055,10.673719
2184798174.622716,1.7920900000000002
2184798177.756446,3.0985560000000003
2184798192.73302,14.923321
2184798193.9856863,1.205465
2184798194.940505,0.924964
2184798206.919149,11.948231
2184798217.016845,10.053711
2184798226.512469,9.455893999999999
2184798235.255034,8.707163
2184798239.346724,4.048381
2184798250.7727656,11.306065
2184798260.473733,9.662742
2184798271.957275,11.449269999999999
2184798285.523729,13.529903
2184798294.480579,8.918159
2184798296.106075,1.5946770000000001
2184798297.5156617,1.372131
2184798299.3370647,1.780728
2184798308.971425,9.56891
2184798310.851026,1.8148199999999999
2184798315.670328,4.780562000000001
2184798317.642467,1.94262
2184798327.782257,10.100683
2184798329.35832,1.538735
2184798331.03394,1.629179
2184798334.8075447,3.734794
2184798349.2802887,14.441291999999999
2184798351.026278,1.719891
2184798352.784027,1.7325979999999999
2184798354.291859,1.4709759999999998
2184798355.7198534,1.398565
2184798368.269286,12.517266000000001
2184798375.839868,7.52935
2184798378.534401,2.6589869999999998
2184798380.117952,1.5535349999999999
2184798396.1764507,16.0176
2184798397.838362,1.6329179999999999
2184798399.806571,1.937265
2184798406.400243,6.551780999999999
2184798414.414577,7.987582
2184798432.587163,18.130686999999998
2184798439.904655,7.285489
2184798440.567199,0.615667
2184798457.4653974,16.857969
2184798459.207505,1.709648
2184798461.9085298,2.642756
2184798463.413546,1.405338
2184798475.686746,12.226274
2184798477.244236,1.5094850000000002
2184798489.9470453,12.654935
2184798491.648896,1.491757
2184798493.821622,2.1242959999999997
2184798496.0910606,2.217587
2184798498.596733,2.463481
2184798509.374482,10.742109999999998
2184798510.979902,1.570031
2184798517.173288,6.155099
2184798518.7711477,1.5708950000000002
2184798520.283106,1.4829459999999999
2184798522.316495,2.001465
2184798534.822598,12.476761
2184798542.012972,7.153917
2184798553.5354033,11.469543999999999
2184798555.0270586,1.4582
2184798565.328031,10.257857
2184798567.5282183,2.145016
2184798579.0641627,11.488266000000001
2184798592.355552,13.250992
2184798594.4118657,2.025531
2184798607.142834,12.683596
2184798609.1455607,1.951565
2184798613.856091,4.673301
2184798615.678508,1.772071
2184798617.670421,1.931021
2184798627.016443,9.301021
2184798628.587036,1.524381
2184798629.51924,0.9023
2184798642.328949,12.778527
2184798656.217486,13.841384999999999
2184798658.515194,2.2596439999999998
2184798669.530087,10.968922000000001
2184798684.325376,14.767422
2184798697.7736454,13.416209
2184798706.827588,9.009059
2184798715.396265,8.539411
2184798725.787016,10.351511
2184798734.313868,8.479593000000001
2184798743.5971594,9.238012
2184798745.540546,1.907157
2184798753.3475823,7.776781
2184798754.151491,0.7786839999999999
2184798767.2364426,13.045816
2184798769.263166,1.9827759999999999
2184798782.5185976,12.878581
2184798784.825149,2.2636230000000004
2184798787.249128,2.2787509999999997
2184798798.27879,10.97741
2184798804.671817,6.358601999999999
2184798816.732803,12.013239
2184798819.816364,3.035284
2184798821.701624,1.848323
2184798823.251666,1.491638
2184798824.620767,1.330395
2184798825.607811,0.955793
2184798840.413616,14.776472
2184798841.460969,1.009358
2184798842.8239923,1.32744
2184798854.503136,11.640073000000001
2184798855.652802,1.1189500000000001
2184798867.410171,11.72859
2184798876.2512107,8.796652
2184798885.041359,8.744347
2184798892.3074684,7.227786
2184798893.063346,0.721447
2184798894.043414,0.945287
2184798902.75352,8.677973
2184798912.4530497,9.659887000000001
2184798920.363023,7.84461
2184798936.336295,15.926491
2184798943.01994,6.648274
2184798948.6319747,5.581634
2184798957.590313,8.924408999999999
2184798971.76679,14.147471999999999
2184798982.197946,10.397255
2184798984.433456,2.195459
2184798985.989586,1.518543
2184798987.4746,1.4506530000000002
2184799003.070558,15.528376999999999
2184799004.419702,1.31405
2184799015.511422,11.038133
2184799017.320205,1.7776109999999998
2184799019.270887,1.908842
2184799032.543259,13.234708
2184799035.720283,3.1415010000000003
2184799037.764924,2.0045140000000004
2184799052.425582,14.613302
2184799058.098831,5.615342
2184799059.166792,1.0308819999999999
2184799064.395514,5.194204
2184799076.520006,12.073251
2184799078.1640463,1.59599
2184799078.780927,0.581447
2184799079.8515806,1.014753
2184799082.33571,2.45002
2184799087.7147436,5.33868
2184799089.468263,1.7145599999999999
2184799089.878166,0.36995
2184799091.3365207,1.423804
2184799092.778814,1.38682
2184799094.813203,1.9951560000000002
2184799098.6454997,3.794928
2184799100.935245,2.248477
2184799106.506904,5.532193
2184799117.350178,10.813879
2184799118.241899,0.806486
2184799119.9837646,1.6846750000000001
2184799122.70767,2.635418
2184799134.88941,12.128521999999998
2184799143.712721,8.792606
2184799150.756524,6.996151
2184799156.891046,6.108617000000001
2184799158.171426,1.243117
2184799160.1584687,1.940801
2184799161.880638,1.675382
2184799163.290987,1.379423
2184799164.687614,1.3645479999999999
2184799165.795711,1.068146
2184799167.263066,1.437945
2184799177.782255,10.485101
2184799190.867219,13.045228000000002
2184799196.284573,5.34967
2184799208.0381804,11.711945
2184799213.594825,5.517154
2184799221.771893,7.778613999999999
2184799226.988821,5.182799
2184799246.549242,19.309711
2184799259.665629,13.071509
2184799275.6450863,15.951004000000001
2184799291.086162,15.409162
2184799302.201222,11.007624
2184799310.911733,8.672683000000001
2184799314.439134,3.498751
2184799315.576806,1.0878299999999999
2184799331.770565,16.140666000000003
2184799334.426924,2.624422
2184799344.644933,10.176901
2184799345.750189,1.071932
2184799347.506881,1.696657
2184799349.403968,1.8540130000000001
2184799359.614842,10.171542
2184799362.4098,2.756141
2184799373.397842,10.90309
2184799375.322167,1.8774819999999999
2184799376.279754,0.917408
2184799377.355235,1.043639
2184799380.119401,2.7287000000000003
2184799381.509025,1.347294
2184799382.528981,0.9812270000000001
2184799392.3938007,9.833081
2184799404.072673,11.637383
2184799406.622453,2.505602
2184799408.9121504,2.252422
2184799409.372437,0.42373500000000003
2184799420.2178583,10.795547000000001
2184799424.95152,4.689688
2184799426.781629,1.797449
2184799428.645423,1.833218
2184799435.276513,6.600131999999999
2184799449.086305,13.779413
2184799451.875427,2.7574
2184799452.515778,0.607093
2184799454.3149734,1.752525
2184799455.889172,1.5281500000000001
2184799458.589713,2.6603299999999996
2184799460.478232,1.838978
2184799475.1917048,14.677950000000001
2184799476.739047,1.497795
2184799478.3309402,1.5398079999999998
2184799487.247385,8.874476
2184799496.4701033,9.154195
2184799502.2113223,5.712186
2184799506.103373,3.855946
2184799507.535314,1.401741
2184799519.3110332,11.733797000000001
2184799529.872003,10.526425000000001
2184799539.387138,9.483452999999999
2184799541.016195,1.583255
2184799542.6496387,1.578074
2184799543.953009,1.239547
2184799545.2762346,1.280005
2184799554.2521596,8.939605
2184799565.914469,11.635937
2184799580.053031,14.1058
2184799584.138182,4.034047
2184799586.151588,1.971469
2184799595.630087,9.245033
2184799607.838524,12.158233
2184799619.823415,11.948548
2184799621.5415907,1.68947
2184799632.54491,10.968998000000001
2184799646.637515,14.029628
2184799654.932892,8.254729000000001
2184799656.170464,1.212795
2184799669.3086653,13.107794
2184799670.747165,1.390876
2184799682.039837,11.262421
2184799696.2883353,14.211954
2184799697.514051,1.1939330000000001
2184799705.3940763,7.841881
2184799711.396197,5.970445
2184799712.941962,1.500073
2184799714.080332,0.900903
2184799715.512665,1.391608
2184799716.977812,1.415156
2184799724.176068,7.158997
2184799725.211934,0.9940089999999999
2184799726.340435,1.095635
2184799727.427424,1.057899
2184799728.08217,0.6243890000000001
2184799731.802112,3.688769
2184799734.052743,2.219324
2184799735.6789393,1.5837970000000001
2184799757.906054,22.197654
2184799760.128214,2.185909
2184799787.3004713,27.132384
2184799790.433365,2.986069
2184799795.76346,5.28642
2184799802.71273,6.889565999999999
2184799803.591455,0.846596
2184799822.547243,18.888361999999997
2184799828.995183,6.408266
2184799863.3231897,34.267825
2184799880.391877,16.744557
2184799882.847586,2.392996
2184799884.158535,1.278186
2184799898.403117,14.205627
2184799909.968413,11.534196
2184799911.0737524,1.039332
2184799911.942865,0.834603
2184799921.299183,9.321140999999999
2184799922.4950523,1.16228
2184799932.451929,9.922861999999999
2184799934.1808643,1.688783
2184799946.020855,11.789225
2184799947.621109,1.568997
2184799960.3807993,12.724483
2184799962.0428553,1.602091
2184799971.3847756,9.303695000000001
2184799976.843867,5.413587
2184799978.89159,2.001417
2184799980.101671,1.1537730000000002
2184799994.579056,14.437794
2184799997.383673,2.738054
2184799999.142855,1.7147189999999999
2184800001.595378,2.409284
2184800003.501603,1.5958809999999999
2184800018.616041,15.046104
2184800028.683427,10.017483
2184800035.428773,6.703501
2184800036.797313,1.32692
2184800051.2435503,14.401656000000001
2184800054.158824,2.841164
2184800055.163485,0.944268
2184800061.6113973,6.409025
2184800064.0771823,2.432573
2184800066.751701,2.622735
2184800067.245008,0.459914
2184800069.844319,2.566112
2184800070.3627553,0.481422
2184800073.3947043,2.995125
2184800078.584143,5.137873
2184800096.057929,17.433407000000003
2184800097.98705,1.890568
2184800113.897923,15.864385000000002
2184800115.513516,1.57591
2184800126.301249,10.735082
2184800140.056497,13.726957
2184800148.49834,8.398127
2184800159.4772034,10.94557
2184800171.561718,12.044951
2184800172.67732,1.08579
2184800174.8026114,2.0830710000000003
2184800185.582602,10.740827
2184800193.6138597,7.9708309999999996
2184800196.431059,2.777495
2184800198.226114,1.7491379999999999
2184800207.681946,9.404341
2184800220.557512,12.848868
2184800221.896172,1.2996290000000001
2184800223.710756,1.774147
2184800226.643009,2.88563
2184800227.079342,0.38749900000000004
2184800230.151929,3.036792
2184800244.2170463,14.012637999999999
2184800253.710453,9.424415999999999
2184800267.181312,13.428115
2184800279.6059723,12.389407
2184800282.0194497,2.322981
2184800287.879466,5.803255999999999
2184800288.8707447,0.872166
2184800302.441051,13.535878
2184800313.183491,10.702122
2184800315.182806,1.9626940000000002
2184800331.2640967,16.038283
2184800339.0378857,7.728928000000001
2184800340.263031,1.186811
2184800353.141005,12.833233
2184800365.4830112,12.105731
2184800367.18457,1.652362
2184800379.392272,12.178566
2184800393.231294,13.788299
2184800402.024626,8.753281999999999
2184800411.0155363,8.95219
2184800427.579624,16.524714
2184800432.871491,5.26356
2184800439.3467627,6.415662
2184800452.078959,12.6978
2184800453.306646,1.1883329999999999
2184800464.30226,10.951595999999999
2184800466.019562,1.673417
2184800468.122084,2.026929
2184800469.6750712,1.511698
2184800477.13514,7.401625
2184800488.2096744,11.02131
2184800490.9468784,2.6496
2184800492.753824,1.7230839999999998
2184800494.629581,1.837209
2184800495.863739,1.182704
2184800497.602335,1.6994390000000001
2184800499.920191,2.274158
2184800509.323912,9.362479
2184800510.2313213,0.8798239999999999
2184800512.4135313,2.150871
2184800519.452003,6.9915
2184800520.684916,1.193029
2184800532.111641,11.382456000000001
2184800534.4929543,2.3376479999999997
2184800535.984137,1.432867
2184800547.157344,11.107708
2184800557.381176,10.183224
2184800571.4039106,13.971328
2184800580.9572477,9.505016999999999
2184800582.0903707,1.0919059999999998
2184800600.7831383,18.661983
2184800616.060616,15.239604
2184800629.4701343,13.328437000000001
2184800642.10874,12.610439
2184800643.394378,1.245166
2184800644.5771217,1.1346399999999999
2184800652.311426,7.682536
2184800660.52347,8.167022
2184800667.29419,6.73897
2184800680.812747,13.460122
2184800694.9186287,14.064371000000001
2184800711.28883,16.339389999999998
2184800724.144679,12.815161
2184800732.5472913,8.369573
2184800733.7490973,1.15192
2184800749.531113,15.749897999999998
2184800751.217924,1.640082
2184800765.400075,14.131235
2184800767.5008802,2.0576269999999997
2184800776.552735,8.980350999999999
2184800790.9439673,14.357116
2184800797.455228,6.479705
2184800798.406762,0.917017
2184800806.116868,7.6757670000000005
2184800808.138186,1.9786190000000001
2184800808.831592,0.645509
2184800822.5727882,13.69664
2184800839.7759337,17.162793999999998
2184800840.130322,0.321014
2184800848.4236937,8.26232
2184800858.703956,10.245716999999999
2184800868.113433,9.375423000000001
2184800869.243637,1.040696
2184800875.3801484,6.057033
2184800882.136856,6.723616
2184800883.768703,1.574066
2184800885.2158937,1.414794
2184800895.439414,10.187823999999999
2184800898.651132,3.13835
2184800900.7842307,2.0903039999999997
2184800914.578039,13.724897
2184800923.5430727,8.923848
2184800937.0840883,13.49048
2184800948.193239,11.075890999999999
2184800960.995065,12.762703
2184800972.090731,11.063468
2184800982.564866,10.427726999999999
2184800983.005044,0.400972
2184800984.8601303,1.8174860000000002
2184800986.6578,1.7415910000000001
2184800988.398306,1.6919710000000001
2184800999.843716,11.298248000000001
2184801001.5312138,1.650949
2184801011.465467,9.890928
2184801012.83313,1.337329
2184801025.4225173,12.537005
2184801026.945562,1.472329
2184801033.9105024,6.924548
2184801034.364562,0.411273
2184801047.4263377,13.005688
2184801049.634384,2.1582049999999997
2184801065.602022,15.892335000000001
2184801067.125793,1.4913509999999999
2184801079.564599,12.402677
2184801097.4388943,17.835016
2184801108.329612,10.851319
2184801109.9668307,1.587312
2184801115.853203,5.838483999999999
2184801125.090492,9.184619999999999
2184801126.0644517,0.946306
2184801126.7385807,0.646323
2184801128.1040792,1.332485
2184801128.908915,0.769855
2184801141.1557,12.202463999999999
2184801149.898973,8.716567
2184801162.4707003,12.544084
2184801169.321118,6.804814
2184801170.723218,1.3571449999999998
2184801181.25657,10.493419000000001
2184801182.611364,1.324748
2184801192.398541,9.744805000000001
2184801197.818419,5.379797000000001
2184801198.864058,0.9866370000000001
2184801208.8848834,9.987734999999999
2184801219.448959,10.534349
2184801226.3841777,6.889513
2184801228.2780504,1.8532030000000002
2184801239.476462,11.158002
2184801240.8277082,1.3034800000000002
2184801242.169185,1.2878690000000002
2184801243.2754283,1.065736
2184801244.4532404,1.139766
2184801246.011359,1.515482
2184801255.197382,9.127655
2184801261.15296,5.922934000000001
2184801262.756948,1.5787010000000001
2184801273.207899,10.419621000000001
2184801275.147234,1.89984
2184801281.443377,6.244295
2184801283.306722,1.815158
2184801284.509605,1.163248
2184801285.711895,1.17151
2184801286.9328513,1.182995
2184801293.757349,6.771888000000001
2184801295.921817,2.1372370000000003
2184801303.274215,7.321537999999999
2184801303.806439,0.49708900000000006
2184801304.765029,0.9179970000000001
2184801309.9098167,5.095542
2184801311.4728003,1.508875
2184801316.082653,4.5690219999999995
2184801317.430735,1.3068890000000002
2184801321.474575,3.996197
2184801330.4830494,8.969237
2184801340.537141,10.022062
2184801342.9114122,2.3473550000000003
2184801344.650199,1.700477
2184801347.059287,2.353006
2184801348.25671,1.141019
2184801360.1636972,11.872471
2184801361.0574703,0.846487
2184801374.292015,13.195898
2184801386.375969,12.046124
2184801392.045459,5.622839999999999
2184801394.025223,1.9457280000000001
2184801395.140192,1.069031
2184801407.601473,12.415075
2184801417.086174,9.452622000000002
2184801428.6906657,11.573162
2184801439.143633,10.414932
2184801454.062129,14.867316
2184801462.787481,8.697721
2184801464.328166,1.497137
2184801477.542934,13.156844
2184801478.7093577,1.096258
2184801479.55908,0.811786
2184801487.289988,7.6934000000000005
2184801496.027956,8.696418
2184801497.7364783,1.675916
2184801511.30692,13.540013
2184801521.090959,9.75348
2184801524.578068,3.452507
2184801525.1397047,0.526399
2184801530.548834,5.372661
2184801531.793477,1.2025709999999998
2184801532.6509447,0.809912
2184801540.911363,8.215962000000001
2184801542.192143,1.236822
2184801556.864994,14.633719999999999
2184801559.262048,2.326126
2184801560.590819,1.27957
2184801561.867808,1.226619
2184801566.3677692,4.462436
2184801581.8293343,15.426081
2184801583.65436,1.7919209999999999
2184801592.9599433,9.258002
2184801602.648498,9.649746
2184801605.3900256,2.708665
2184801606.3991284,0.950876
2184801610.2596817,3.819836
2184801611.544848,1.2514690000000002
2184801612.873054,1.282315
2184801614.853313,1.8504479999999999
2184801629.760663,14.828038999999999
2184801636.3173456,6.5292010000000005
2184801646.327147,9.964528
2184801647.259153,0.890082
2184801648.76225,1.4694930000000002
2184801649.876483,1.0611
2184801658.189868,8.264357
2184801659.908032,1.677945
2184801671.404082,11.453422
2184801673.206602,1.7636399999999999
2184801685.831748,12.588146
2184801686.936162,1.070638
2184801688.822318,1.851954
2184801690.320108,1.459503
2184801692.940062,2.574299
2184801695.211328,2.236502
2184801704.8819733,9.632795
2184801706.945182,2.015788
2184801715.404842,8.425138
2184801730.206573,14.758282
2184801738.217132,7.975945
2184801750.993464,12.690529000000002
2184801752.338069,1.3087360000000001
2184801763.605615,11.226727
2184801777.2094703,13.570196
2184801778.604471,1.349152
2184801788.236315,9.584396
2184801798.292079,10.009107
2184801799.667043,1.330255
2184801800.296462,0.5799190000000001
2184801802.152457,1.805442
2184801810.1979,8.014095000000001
2184801816.155572,5.931219
2184801826.995886,10.799232
2184801842.040182,15.017946
2184801848.2818284,6.205344
2184801862.6667776,14.350726
2184801863.5279646,0.741131
2184801875.9571857,12.353272
2184801878.352269,2.3665000000000003
2184801881.295897,2.878924
2184801882.341944,1.006378
2184801882.903262,0.5240060000000001
2184801883.49885,0.557101
2184801886.218468,2.681099
2184801887.586869,1.3097759999999998
2184801888.399395,0.775528
2184801889.872321,1.442365
2184801891.2340894,1.325569
2184801901.014036,9.719113
2184801914.805948,13.761192
2184801915.534636,0.6961149999999999
2184801929.6434803,14.055834999999998
2184801935.533988,5.8456030000000005
2184801936.359587,0.7863870000000001
2184801948.3825593,11.977594
2184801950.179644,1.765355
2184801962.57587,12.352168
2184801964.58942,1.9806979999999998
2184801972.440139,7.800955
2184801983.416439,10.91781
2184801984.377058,0.9047029999999999
2184801989.205576,4.794502
2184801991.3657603,2.089254
2184801993.658729,2.1385739999999998
2184802003.5295753,9.780000000000001
2184802005.07812,1.5223879999999999
2184802016.277279,11.137812
2184802018.041709,1.7241279999999999
2184802019.138704,1.054436
2184802020.717944,1.534564
2184802030.702188,9.938468
2184802041.359999,10.5996
2184802042.395758,1.0084659999999999
2184802058.452579,16.027376
2184802062.082944,3.596429
2184802063.133936,1.013134
2184802065.419976,2.249515
2184802067.9141607,2.4460509999999998
2184802072.554709,4.605325000000001
2184802084.99014,12.379462
2184802088.385037,3.361514
2184802091.698229,3.2633929999999998
2184802094.570748,2.822323
2184802097.684916,3.072358
2184802098.768411,1.030563
2184802099.6460814,0.8478300000000001
2184802100.141004,0.46154300000000004
2184802102.1359453,1.960555
2184802104.954818,2.78754
2184802106.376832,1.389586
2184802119.4506416,13.033608000000001
2184802133.670359,14.095076
2184802136.217718,2.475314
2184802143.676424,7.409034
2184802151.6363273,7.896723
2184802157.832256,6.169778
2184802165.4891863,7.612564
2184802167.385914,1.8489680000000002
2184802179.212174,11.776587999999999
2184802181.013719,1.749706
2184802182.463824,1.397953
2184802189.412504,6.898705
2184802200.163919,10.723722
2184802201.623857,1.4117730000000002
2184802203.38238,1.686828
2184802204.9012117,1.482665
2184802206.92476,1.9734140000000002
2184802211.43013,4.468547
2184802220.182533,8.719312
2184802228.9462037,8.714091999999999
2184802242.277672,13.299332
2184802256.301702,13.970321
2184802258.064374,1.725433
2184802265.986769,7.89232
2184802279.276035,13.18499
2184802288.813563,9.504728
2184802297.24017,8.383117
2184802311.227269,13.956634000000001
2184802313.6977057,2.426609
2184802325.7721786,12.018962
2184802327.752692,1.9466100000000002
2184802335.07024,7.285962
2184802345.1798444,10.074733
2184802354.795916,9.567147
2184802368.418043,13.594046
2184802373.927966,5.462752
2184802375.361775,1.376366
2184802376.967209,1.5649769999999998
2184802378.703301,1.7018339999999998
2184802387.473961,8.720992
2184802396.494594,8.990326999999999
2184802406.069414,9.530774000000001
2184802408.1300826,1.9980010000000001
2184802410.148248,1.9715409999999998
2184802412.1995654,2.018627
2184802418.9771137,6.747125
2184802428.935739,9.933300000000001
2184802431.535641,2.522327
2184802432.831043,1.224814
2184802445.3348236,12.456619
2184802457.615837,12.25176
2184802460.088708,2.427996
2184802461.34455,1.210747
2184802463.441449,2.059961
2184802465.592495,2.104492
2184802466.8724804,1.23094
2184802474.778654,7.867101
2184802487.4615173,12.655382
2184802491.082159,3.533555
2184802495.198918,3.915088
2184802504.484057,9.220575
2184802506.577612,2.0646150000000003
2184802509.245912,2.619459
2184802511.024664,1.74541
2184802516.720899,5.656733
2184802527.810593,11.05971
2184802529.787267,1.9340220000000001
2184802543.05661,13.214335
2184802545.431727,1.93817
2184802554.0178914,8.555269000000001
2184802555.889992,1.844162
2184802557.19608,1.257825
2184802558.326184,1.08906
2184802559.118356,0.7582570000000001
2184802567.7048707,8.544332
2184802577.386058,9.630146
2184802588.07398,10.641408
2184802588.973952,0.866898
2184802597.029197,8.017665000000001
2184802598.486822,1.425416
2184802600.35424,1.826958
2184802608.851156,8.462101
2184802611.574242,2.672981
2184802623.553949,10.606774
2184802634.52278,10.925951999999999
2184802641.606895,7.048284
2184802650.569317,8.929094000000001
2184802652.0802298,1.468031
2184802652.723712,0.6003350000000001
2184802654.0000052,1.236217
2184802656.236237,2.191549
2184802658.310354,2.0221750000000003
2184802660.33183,1.9760630000000001
2184802662.5911694,2.2021580000000003
2184802669.707893,7.063155
2184802677.7884917,8.042845
2184802680.465511,2.633543
2184802681.9165382,1.4098089999999999
2184802683.5800967,1.6238489999999999
2184802695.314927,11.690034
2184802708.8345437,13.440158
2184802716.8775682,8.007689000000001
2184802729.3625817,12.433923
2184802730.977794,1.56514
2184802732.7400713,1.712208
2184802746.6412287,13.85614
2184802747.502165,0.7589330000000001
2184802792.8762946,45.343405000000004
2184802805.096673,12.159872
2184802846.782714,41.644045
2184802854.308553,7.411456
2184802858.5641108,4.179233
2184802877.420201,18.810678
2184802878.876008,1.409234
2184802892.145971,13.236075999999999
2184802894.830583,1.158399
2184802906.981968,12.067217999999999
2184802915.372199,8.355501
2184802916.582271,1.1764
2184802917.8940578,1.270847
2184802919.590219,1.6577840000000001
2184802921.015666,1.3735410000000001
2184802934.425911,13.359027000000001
2184802948.561924,14.108812
2184802960.669775,12.052302000000001
2184802962.446171,1.733636
2184802977.430029,14.951809
2184802981.039724,3.577936
2184802994.416557,13.339115
2184803001.294493,6.825591
2184803003.991805,2.65856
2184803005.608118,1.5541699999999998
2184803021.226644,15.583074
2184803024.106059,2.596138
2184803031.126034,6.966566
2184803043.924254,12.767296
2184803046.1183147,2.162666
2184803048.194331,2.036617
2184803057.805755,9.572857
2184803066.70591,8.866191
2184803067.830259,1.0565749999999998
2184803081.235253,13.373987
2184803085.2477603,3.974651
2184803087.3904757,2.108348
2184803088.715923,1.289204
2184803092.1080627,2.816344
2184803095.78985,3.623349
2184803102.9610863,7.12971
2184803105.616441,2.623777
2184803115.326391,9.674391
2184803116.5533776,1.18414
2184803118.9923596,2.006812
2184803121.88291,2.84075
2184803130.017695,8.083217
2184803137.452484,7.403176
2184803138.813123,1.120539
2184803147.965318,9.100083999999999
2184803154.423273,6.399018
2184803156.335978,1.866174
2184803162.8534074,6.4695
2184803164.13144,1.243885
2184803177.575096,13.401776
2184803186.7443743,9.136868
2184803195.7295656,8.947208999999999
2184803197.417935,1.6531250000000002
2184803204.534242,6.7802
2184803206.796031,2.2141740000000003
2184803209.6066923,2.7560480000000003
2184803211.317256,1.668849
2184803211.7767773,0.431074
2184803218.6337013,6.819039
2184803220.3238506,1.662557
2184803231.2684493,10.908233
2184803233.295821,1.9807190000000001
2184803236.0367475,2.671583
2184803237.971939,1.8892449999999998
2184803239.387562,1.352003
2184803248.358189,8.900168
2184803250.001204,1.616028
2184803251.6312494,1.5919059999999998
2184803253.328877,1.6676440000000001
2184803255.557511,2.1768069999999997
2184803256.945149,1.351622
2184803270.8708944,13.878006
2184803279.148124,8.245859
2184803289.5846486,10.407461
2184803298.012938,8.399121000000001
2184803310.0740027,12.028260000000001
2184803318.2429943,8.111464
2184803332.1804104,13.90072
2184803334.524212,2.310371
2184803337.5975986,2.31417
2184803346.490847,8.840578
2184803348.630591,2.1070949999999997
2184803364.68494,16.022888
2184803381.839862,16.946069
2184803385.268435,3.3784140000000003
2184803397.660285,12.079799000000001
2184803402.5338984,4.846923
2184803405.504331,2.927818
2184803407.089533,1.543935
2184803408.357721,1.21424
2184803409.5205607,1.112025
2184803413.8801417,4.325702
2184803415.2225122,1.297969
2184803421.544393,6.291917
2184803423.1649957,1.5841919999999998
2184803437.6630483,14.4596
2184803438.72807,1.0273590000000001
2184803440.637731,1.872742
2184803451.400951,10.719384
2184803453.4635644,2.0352040000000002
2184803454.6726403,1.1778330000000001
2184803456.635196,1.918226
2184803457.018158,0.346726
2184803466.4834867,9.424169
2184803478.205885,11.674749
2184803492.1719913,13.926154
2184803494.203683,1.999247
2184803501.568295,7.234465
2184803502.0637217,0.460004
2184803504.333177,2.227836
2184803512.707244,8.333017
2184803521.911664,9.166837000000001
2184803523.375291,1.4224590000000001
2184803533.206573,9.79563
2184803536.168992,2.9155420000000003
2184803547.173689,10.959306999999999
2184803548.555277,1.3429920000000002
2184803556.346692,7.7582830000000005
2184803558.290108,1.6653010000000001
2184803559.9088283,1.572866
2184803570.8340282,10.86749
2184803573.036156,2.162239
2184803574.369895,1.288588
2184803586.2510242,11.840665
2184803596.9994354,10.717312999999999
2184803608.967475,11.640216
2184803621.770823,12.764795000000001
2184803635.1896677,13.385215
2184803641.567188,6.346681
2184803643.874345,2.262446
2184803646.7465887,2.8225659999999997
2184803655.488418,8.689828
2184803656.655498,1.131569
2184803664.6766353,7.990582
2184803677.3202767,12.616294
2184803678.506887,1.150672
2184803690.4192653,11.820951999999998
2184803693.343713,2.890253
2184803706.2050743,12.818731
2184803717.561832,11.297095
2184803728.9542255,11.348375
2184803737.390774,8.407522
2184803744.918364,7.466762
2184803745.6172037,0.6221059999999999
2184803750.416834,4.769851
2184803757.2259626,6.774519
2184803757.979597,0.718134
2184803769.713307,11.696720000000001
2184803772.171243,2.4273469999999997
2184803776.146393,3.92694
2184803786.774045,10.592653
2184803800.329466,13.51466
2184803809.4799404,9.116574
2184803810.905896,1.376538
2184803812.6373982,1.677935
2184803814.9873104,2.295743
2184803824.438195,9.397948
2184803827.337341,2.860076
2184803829.960347,2.588154
2184803831.83008,1.832946
2184803842.7339497,10.868414
2184803845.3355703,2.5565140000000004
2184803846.169859,0.776783
2184803857.1333647,10.909552
2184803858.432903,1.2599079999999998
2184803859.217444,0.740878
2184803861.412798,2.119541
2184803874.1137886,12.654613
2184803884.167449,10.020117
2184803887.299538,3.0914750000000004
2184803899.718317,12.375245
2184803903.088513,3.316397
2184803904.100302,0.953743
2184803919.9332147,15.660968
2184803931.882309,11.912777
2184803940.592609,8.680426
2184803941.9314227,1.290804
2184803951.263599,9.292379
2184803961.0647593,9.766601
2184803962.253313,1.145415
2184803965.512421,3.213409
2184803966.978212,1.4226079999999999
2184803967.340424,0.31492899999999996
2184803970.144233,2.756198
2184803977.783712,7.5891079999999995
2184803994.461022,16.646422
2184803996.712462,2.205523
2184804008.115325,11.347804
2184804015.944806,7.779757
2184804017.698988,1.718291
2184804019.41953,1.6867729999999999
2184804020.933364,1.476284
2184804026.966083,6.001889
2184804037.730759,10.738581
2184804039.25985,1.4848949999999999
2184804040.502493,1.198245
2184804054.681768,14.138545
2184804065.261189,10.536953
2184804066.964258,1.660949
2184804076.5668054,9.56186
2184804078.614051,1.9943130000000002
2184804084.828742,6.171869
2184804085.421736,0.5553790000000001
2184804087.046639,1.593388
2184804095.3274603,8.243910999999999
2184804096.541198,1.185794
2184804105.117698,8.53896
2184804108.243172,3.091336
2184804109.638552,1.352316
2184804110.255079,0.57511
2184804113.800385,3.5125680000000004
2184804127.497306,13.613831
2184804141.33214,13.776319
2184804142.4248157,1.059695
2184804155.541807,13.071164
2184804169.8047013,14.231276
2184804171.4249554,1.568447
2184804181.150363,9.674598
2184804190.648526,9.460619
2184804202.4637923,11.450333
2184804211.2662106,8.768471
2184804219.607296,8.30524
2184804224.437943,4.793309
2184804233.318903,8.830312999999999
2184804240.5477467,7.1882209999999995
2184804241.9327984,1.3104099999999999
2184804250.508959,8.458442
2184804262.318152,11.778937999999998
2184804263.927645,1.560199
2184804275.901638,11.921386
2184804278.416703,2.4691180000000004
2184804280.3862963,1.931975
2184804282.38852,1.949525
2184804282.708237,0.289745
2184804284.692473,1.9552570000000002
2184804293.8549953,9.132588
2184804301.28559,7.40257
2184804313.908457,12.584289
2184804315.8171244,1.866078
2184804316.618993,0.756054
2184804325.8028736,9.125793
2184804327.46925,1.611811
2184804330.15012,2.6368720000000003
2184804339.2496867,9.064406
2184804341.761629,2.451369
2184804350.961746,9.156473
2184804355.9959993,4.997566
2184804367.574132,11.524611
2184804369.20055,1.5786369999999998
2184804384.956986,15.705606000000001
2184804396.483396,11.492234999999999
2184804397.755025,1.2199229999999999
2184804411.306166,13.502659999999999
2184804421.686104,10.338194
2184804423.371966,1.6488150000000001
2184804433.573127,10.15211
2184804444.538871,10.927036
2184804453.330262,8.751708
2184804462.9361567,9.560782
2184804476.380248,13.397568
2184804478.034355,1.6254799999999998
2184804490.760211,12.686088999999999
2184804504.7115173,13.864780999999999
2184804506.970169,2.188902
2184804519.205853,12.189721
2184804520.0684,0.818592
2184804522.840759,2.684489
2184804524.649858,1.772972
2184804525.44472,0.7511300000000001
2184804538.7074223,13.216383
2184804551.678679,12.93552
2184804560.7558923,9.03961
2184804562.387609,1.57036
2184804564.9669633,2.533624
2184804566.601231,1.585731
2184804568.554928,1.92252
2184804568.8200283,0.212173
2184804578.34352,9.495326
2184804588.631331,10.222788999999999
2184804589.866319,1.196776
2184804604.268845,14.330495
2184804612.310756,7.996771
2184804614.423368,1.9938069999999999
2184804624.8796906,10.296701
2184804635.413893,10.506942
2184804643.388362,7.915616
2184804645.073742,1.636479
2184804653.311893,8.198252
2184804654.5648727,1.225466
2184804665.113403,10.518123000000001
2184804666.396315,1.252413
2184804667.622424,1.181066
2184804670.1113486,2.454783
2184804680.800825,10.653305999999999
2184804688.483389,7.649677
2184804690.9187903,2.385838
2184804691.959556,0.9950140000000001
2184804693.4830413,1.4879419999999999
2184804699.398466,5.865404
2184804701.651643,2.226764
2184804710.154883,8.466186
2184804711.2460437,1.041665
2184804712.687492,1.4071209999999998
2184804723.053603,10.31105
2184804734.725177,11.631824
2184804746.4108367,11.644978
2184804747.708421,1.256548
2184804749.842081,2.094057
2184804759.979059,10.086359
2184804766.0185323,6.000348
2184804776.9528832,10.905814999999999
2184804780.04282,3.0264710000000004
2184804792.319986,12.233508
2184804801.3605113,9.009500000000001
2184804803.358493,1.956209
2184804804.7244244,1.31503
2184804813.072049,8.307774
2184804815.895698,2.7975779999999997
2184804823.219553,7.274199
2184804834.134171,10.888905000000001
2184804844.9515343,10.784091
2184804856.681609,11.688128
2184804857.7095113,1.001917
2184804860.549528,2.809345
2184804861.46314,0.877222
2184804867.146926,5.628851
2184804869.470685,2.229296
2184804870.273634,0.768108
2184804872.165382,1.850989
2184804880.296318,8.089178
2184804881.544583,1.222423
2184804889.5974507,8.015042999999999
2184804890.387732,0.760056
2184804892.320942,1.898885
2184804893.942399,1.585166
2184804895.8774,1.900908
2184804897.0094647,1.091975
2184804899.279202,2.206773
2184804901.783342,2.471621
2184804912.1663423,10.351206
2184804913.904686,1.7055429999999998
2184804927.69468,13.743888
2184804930.0613947,2.3311249999999997
2184804931.65961,1.564057
2184804946.11288,14.420212999999999
2184804956.1309443,9.979652
2184804957.525251,1.341996
2184804959.177084,1.617991
2184804969.636366,10.392495
2184804981.2418313,11.561687
2184804983.728153,2.4438400000000002
2184804985.5727572,1.698451
2184804998.463248,12.854223999999999
2184805005.452813,6.959379
2184805018.393883,12.909979
2184805019.341065,0.907732
2184805020.422705,1.0508089999999999
2184805028.134504,7.6679829999999995
2184805031.240163,3.028183
2184805032.5890274,1.299143
2184805048.498816,15.846565
2184805063.96518,15.428722
2184805068.246295,4.248972
2184805069.958633,1.669834
2184805076.635105,6.634051
2184805080.106325,3.435921
2184805082.115217,1.937819
2184805086.999157,4.83651
2184805095.195157,8.153120999999999
2184805097.513201,2.270223
2184805104.6800337,7.129323
2184805106.757516,2.0459940000000003
2184805108.261305,1.4702490000000001
2184805109.373879,1.061191
2184805119.471502,10.06528
2184805131.2809157,11.763595
2184805141.954006,10.639037
2184805143.549725,1.556339
2184805145.348469,1.765719
2184805153.684865,8.294316
2184805155.061272,1.3426550000000002
2184805162.629168,7.511519000000001
2184805165.406391,2.651932
2184805166.5050473,1.069096
2184805168.700983,2.158855
2184805174.952488,6.192323
2184805177.529919,2.547533
2184805187.4450693,9.880978
2184805189.680682,2.191844
2184805200.9589963,11.041386000000001
2184805210.452487,9.448934000000001
2184805217.975234,7.493625000000001
2184805230.151454,12.147656999999999
2184805235.218546,5.032901
2184805238.217529,2.935038
2184805241.2188797,2.9235580000000003
2184805253.139081,11.788409999999999
2184805254.731476,1.5654519999999998
2184805256.18194,1.4125240000000001
2184805257.866249,1.640325
2184805259.796793,1.897913
2184805264.989715,5.1600719999999995
2184805268.0650454,3.044981
2184805279.270206,11.168057000000001
2184805295.2332563,15.932132000000001
2184805296.857243,1.581618
2184805298.589621,1.6892770000000001
2184805301.894495,3.23529
2184805308.264122,6.330312999999999
2184805320.222122,11.921992
2184805321.415726,1.166463
2184805325.832662,4.380355
2184805338.983031,13.124528
2184805341.656269,2.640191
2184805352.667808,10.968828
2184805366.3856864,13.68368
2184805368.601065,2.156446
2184805372.776697,4.106389999999999
2184805380.9685984,8.076841
2184805382.594533,1.580612
2184805383.831682,1.198339
2184805385.323617,1.462019
2184805386.912801,1.549958
2184805388.881818,1.933639
2184805391.488253,2.525201
2184805398.251101,6.729029
2184805399.8922257,1.612041
2184805410.990792,11.065228
2184805411.770301,0.752888
2184805412.9779572,1.166579
2184805414.221868,1.2040359999999999
2184805425.385457,11.130022
2184805437.6675057,12.250509999999998
2184805438.902514,1.198965
2184805448.535041,9.589647
2184805454.3368874,5.612786
2184805455.249845,0.880952
2184805461.199102,5.891290000000001
2184805463.275916,2.051483
2184805474.302157,10.989284999999999
2184805477.343444,3.005309
2184805495.322625,17.932727
2184805495.777381,0.40448300000000004
2184805498.864986,3.029549
2184805499.94689,1.029424
2184805508.716918,8.717972
2184805518.214919,9.469727
2184805520.419921,2.162766
2184805534.652553,14.192714
2184805537.562863,2.836019
2184805538.934773,1.313915
2184805551.153524,12.167821
2184805564.7155156,13.525953
2184805565.5452504,0.7986150000000001
2184805568.011169,2.436162
2184805578.951561,10.906308
2184805580.237462,1.236133
2184805581.7949147,1.4945629999999999
2184805583.356815,1.5163170000000001
2184805585.328004,1.922571
2184805586.669878,1.306181
2184805596.80085,10.093479
2184805598.420011,1.592586
2184805607.520775,9.071789
2184805620.962345,13.395308
2184805636.1759152,15.176136
2184805637.468337,1.2328599999999998
2184805642.0786877,4.569259
2184805650.447839,8.325035
2184805655.931734,5.454699000000001
2184805657.590131,1.6312570000000002
2184805670.676935,13.049961
2184805677.875155,7.130939000000001
2184805678.727557,0.8246319999999999
2184805681.404812,2.6392529999999996
2184805686.4230137,4.984102
2184805690.743646,4.2859229999999995
2184805702.509925,11.735398
2184805704.254691,1.71386
2184805720.42589,16.11685
2184805722.753078,2.298587
2184805737.80023,15.01476
2184805749.9479756,12.105046
2184805757.869939,7.8896239999999995
2184805769.5163302,11.61108
2184805776.8486266,7.292376
2184805779.251068,2.363232
2184805780.440813,1.1381830000000002
2184805781.472109,0.985577
2184805793.9058666,12.392790000000002
2184805795.7872868,1.842088
2184805807.745879,11.927518999999998
2184805808.7968483,1.019442
2184805818.284708,9.455152
2184805827.740828,9.417042
2184805830.118461,2.310352
2184805832.245293,2.078815
2184805850.0383973,17.755701
2184805862.045576,11.971295
2184805869.314649,7.136553
2184805884.830823,15.47167
2184805891.862133,6.993003
2184805894.599324,2.680772
2184805901.789004,7.158028000000001
2184805904.199079,2.368092
2184805911.3168793,7.080859
2184805919.398048,8.046992
2184805920.7132554,1.2823870000000002
2184805933.576662,12.832116
2184805943.802751,10.195974999999999
2184805953.6299953,9.792568
2184805956.280087,2.6073440000000003
2184805957.58595,1.2720719999999999
2184805959.107185,1.4904549999999999
2184805960.778596,1.6317599999999999
2184805971.822866,11.012275
2184805973.67829,1.817892
2184805988.257928,14.519102
2184806112.495483,124.193733
2184806123.8516097,11.282364
2184806132.463895,8.572431
2184806145.144688,12.61516
2184806145.572371,0.382027
2184806152.446594,6.837096
2184806153.455347,0.9397869999999999
2184806203.482922,49.992516
2184806205.767993,2.183955
2184806272.176109,66.28395900000001
2184806285.340519,13.107696
2184806287.0411954,1.660626
2184806297.992064,10.910213
2184806299.284177,1.260946
2184806300.302342,0.972091
2184806301.432049,1.08983
2184806310.600388,9.132559
2184806317.6034026,6.945255
2184806430.8441744,113.20876200000001
2184806447.4381146,16.56211
2184806562.705643,115.236581
2184806577.181837,14.388378
2184806587.586526,10.372179000000001
2184806594.246916,6.620343
2184806595.756001,1.475112
2184806596.1998267,0.399274
2184806596.709641,0.466104
2184806603.5147753,6.770651
2184806604.78434,1.241618
2184806605.4444804,0.624605
2184806618.381967,12.89591
2184806638.000216,19.5819
2184806650.789284,12.719681999999999
2184806652.95275,2.107247
2184806684.562033,31.524209999999997
2184806710.559143,25.95713
2184806716.12639,5.524243
2184806734.5832243,18.40501
2184806737.1993766,2.564741
2184806738.676454,1.417337
2184806756.311212,17.587832000000002
2184806760.6141844,4.260695999999999
2184806762.86068,2.197722
2184806765.140714,2.2264619999999997
2184806765.886468,0.682718
2184806766.510326,0.5776709999999999
2184806766.841407,0.280035
2184806791.195963,24.302621
2184806809.050483,17.784931
2184806823.40213,14.308786
2184806840.155898,16.720813
2184806840.902856,0.7035669999999999
2184806856.396809,15.430322
2184806875.809421,19.347185999999997
2184806884.370328,8.523914000000001
2184806886.7611227,2.355097
2184806897.7917347,10.982715
2184806908.904509,11.045981
2184806920.345983,11.38499
2184806922.3256807,1.915129
2184806923.510155,1.144642
2184806925.358499,1.817688
2184806926.697698,1.3080699999999998
2184806927.012744,0.286705
2184806940.245451,13.205914
2184806942.83849,2.54383
2184806952.4001102,9.514749
2184806965.7089057,13.278972999999999
2184806966.9839582,1.222557
2184806977.056593,10.028768000000001
2184806991.6988683,14.614972999999999
2184807003.260556,11.507557
2184807010.521191,7.231216000000001
2184807013.937953,3.382441
2184807014.3702683,0.401489
2184807031.032645,16.633318000000003
2184807032.1044784,1.0354610000000002
2184807046.1896,14.033467000000002
2184807052.111523,5.88487
2184807054.091718,1.945384
2184807065.318657,11.187535
2184807066.097969,0.7532329999999999
2184807067.586646,1.459138
2184807081.9559608,14.330715000000001
2184807084.46572,2.467864
2184807085.8086,1.299819
2184807086.988191,1.131915
2184807095.743619,8.719835
2184807103.8724327,8.103693
2184807104.33162,0.42284
2184807106.3415704,1.9667700000000001
2184807108.597626,2.223735
2184807109.0743046,0.43732299999999996
2184807111.230953,2.121966
2184807113.044381,1.775704
2184807114.882854,1.755399
2184807117.443407,2.528683
2184807118.2193823,0.743202
2184807128.6714807,10.418235
2184807137.197486,8.491475999999999
2184807138.4275517,1.164914
2184807150.277775,11.800619
2184807161.081473,10.758234999999999
2184807174.789871,13.659415
2184807184.309008,9.479794
2184807195.6979933,11.342747000000001
2184807197.454474,1.725353
2184807211.11271,13.609485
2184807222.475644,11.312679000000001
2184807223.937579,1.4220039999999998
2184807225.343376,1.3687639999999999
2184807227.195616,1.820134
2184807228.668643,1.42571
2184807230.0230017,1.3235670000000002
2184807231.978253,1.900423
2184807238.982243,6.932080999999999
2184807250.9424796,11.893043
2184807264.590542,13.613915
2184807277.302871,12.683666
2184807280.118587,2.773078
2184807281.206109,1.051661
2184807293.928145,12.688445
2184807295.199819,1.231378
2184807309.097526,13.858255999999999
2184807317.385499,8.255349
2184807320.233428,2.81739
2184807321.282797,1.012173
2184807322.962917,1.636873
2184807333.9985304,11.002049
2184807344.157825,10.128227
2184807350.906739,6.718471
2184807352.347964,1.404309
2184807354.734253,2.335418
2184807356.032433,1.245798
2184807363.5400634,7.436463
2184807364.7411933,1.1582400000000002
2184807375.205352,10.416524
2184807376.390659,1.1451129999999998
2184807378.4323,2.0092149999999998
2184807380.311869,1.851514
2184807388.1192822,7.763299000000001
2184807396.245792,8.094657999999999
2184807408.417325,12.137286000000001
2184807409.645896,1.187009
2184807422.197803,12.51233
2184807431.27748,9.037761
2184807433.120802,1.815657
2184807444.5235476,11.361748
2184807450.7052994,6.107187
2184807463.050988,12.307891
2184807464.667881,1.567824
2184807466.435498,1.7138520000000002
2184807468.059361,1.57539
2184807469.406565,1.312956
2184807477.406638,7.967116
2184807480.443987,2.996169
2184807481.7636538,1.279111
2184807493.6530023,11.84571
2184807505.0785623,11.381975
2184807513.3348722,8.222169
2184807513.888489,0.5141370000000001
2184807520.329219,6.379376
2184807522.163034,1.8067980000000001
2184807531.802659,9.604998
2184807533.158165,1.3226570000000002
2184807534.7643037,1.574776
2184807546.3750076,11.564473000000001
2184807559.65375,13.235050999999999
2184807562.0246773,2.330972
2184807574.022839,11.943024999999999
2184807575.464032,1.4145189999999999
2184807577.715561,2.2123500000000003
2184807580.16944,2.415108
2184807589.536928,9.315672000000001
2184807591.242989,1.6668729999999998
2184807592.4965034,1.202261
2184807595.369336,2.829472
2184807610.5699267,15.153411
2184807613.511477,2.8788899999999997
2184807627.69305,14.089177
2184807634.989284,7.2594460000000005
2184807649.027872,13.991226000000001
2184807649.912354,0.834163
2184807659.0882688,9.126452
2184807668.0703044,8.928218999999999
2184807669.777424,1.677341
2184807670.666699,0.8524039999999999
2184807680.649417,9.948092
2184807696.4107056,15.690798999999998
2184807707.398894,10.957901000000001
2184807708.8733478,1.414259
2184807716.107032,7.196086
2184807717.989915,1.848992
2184807720.101709,2.072009
2184807735.344655,15.202561999999999
2184807744.330406,8.941443
2184807745.494172,1.134799
2184807747.39891,1.8752149999999999
2184807748.9292703,1.501114
2184807749.905014,0.924348
2184807758.6917,8.748776999999999
2184807760.9738226,2.2544399999999998
2184807762.4881787,1.476904
2184807763.732176,1.1879639999999998
2184807773.36739,9.600663
2184807775.0442324,1.6495920000000002
2184807788.329097,13.234243
2184807799.129702,10.75741
2184807804.767356,5.598833
2184807816.094008,11.264872
2184807817.441314,1.291732
2184807819.2303877,1.755742
2184807820.689713,1.40806
2184807830.801771,10.073372
2184807845.8589973,15.019941
2184807858.293963,12.38968
2184807869.151079,10.819366
2184807876.885383,7.6959480000000005
2184807878.296892,1.384601
2184807880.507205,2.180064
2184807882.893007,2.3341770000000004
2184807898.068396,15.142193
2184807911.388742,13.286781
2184807924.2028527,12.776378999999999
2184807937.4688377,13.214875
2184807947.6513,10.142013
2184807954.0860553,6.3811040000000006
2184807963.877574,9.7495
2184807965.935528,2.0306930000000003
2184807967.776088,1.811971
2184807968.293588,0.487297
2184807972.0455337,3.722932
2184807973.309783,1.2277040000000001
2184807975.924056,2.5690180000000002
2184807991.9726734,16.001723
2184808005.015812,12.942941
2184808012.027506,6.983531
2184808013.2965913,1.212351
2184808019.80694,6.465396
2184808022.0989337,2.2536549999999997
2184808033.338377,11.186107
2184808046.284814,12.917514
2184808047.9578433,1.6425070000000002
2184808055.26382,7.268445
2184808066.9135914,11.613957
2184808069.2813053,2.335883
2184808083.80623,14.485068
2184808095.62155,11.770579
2184808097.263038,1.6036469999999998
2184808098.116992,0.821928
2184808099.3208017,1.1750829999999999
2184808105.672497,6.31266
2184808110.064583,4.346416
2184808112.3048754,2.206043
2184808113.362508,0.99467
2184808114.709748,1.268091
2184808131.580059,16.794474
2184808131.961071,0.344771
2184808133.013688,1.021118
2184808142.285876,9.241889
2184808143.2518253,0.9380700000000001
2184808144.510073,1.2201689999999998
2184808145.9906006,1.446819
2184808154.098022,8.075175
2184808161.661404,7.524554
2184808163.278623,1.5589009999999999
2184808169.334964,6.016163
2184808179.127948,9.745826000000001
2184808185.069512,5.899449000000001
2184808186.841168,1.728921
2184808198.077157,11.18902
2184808210.299887,12.192953
2184808212.029966,1.686868
2184808221.50225,9.432596
2184808223.189748,1.653727
2184808224.066155,0.842198
2184808225.799154,1.695927
2184808239.073823,13.207393
2184808248.619649,9.487931
2184808250.686332,1.948088
2184808263.4074163,12.681058
2184808271.91155,8.461855
2184808290.112602,18.153463000000002
2184808307.9519963,17.781447
2184808308.9849677,0.9380029999999999
2184808319.416292,10.39327
2184808330.9836698,11.536245000000001
2184808346.650031,15.633349
2184808352.704583,5.992603
2184808360.377501,7.641521
2184808370.964113,10.532296
2184808379.638168,8.642129
2184808388.4396067,8.767146
2184808390.2452483,1.735244
2184808405.2984467,15.01379
2184808406.8798757,1.54164
2184808408.476112,1.5540610000000001
2184808415.983216,7.474195
2184808416.966859,0.902881
2184808418.774231,1.777775
2184808420.4841323,1.676321
2184808434.264474,13.739489
2184808440.018296,5.716382
2184808441.034277,0.969236
2184808442.118361,1.025651
2184808452.608413,10.423501
2184808460.716752,8.075032
2184808471.453802,10.695746000000002
2184808472.9325843,1.429817
2184808474.629704,1.654601
2184808487.16358,12.480641
2184808497.175977,9.939935
2184808498.538189,1.328721
2184808500.82207,2.23549
2184808502.239441,1.384042
2184808510.83323,8.563047000000001
2184808522.723165,11.841195
2184808524.126584,1.349118
2184808535.784558,11.619591
2184808548.306868,12.481977
2184808549.8516088,1.4959559999999998
2184808555.060102,5.167105
2184808556.1642957,1.068553
2184808562.1481667,5.946194
2184808563.6094303,1.417043
2184808571.895591,8.250861
2184808581.136263,9.179672
2184808588.776344,7.610083
2184808598.7126007,9.895456000000001
2184808607.362608,8.618684
2184808609.525336,2.12009
2184808610.341703,0.7709239999999999
2184808612.4026823,2.0239809999999996
2184808615.638824,3.1527640000000003
2184808618.080196,2.409774
2184808619.8574657,1.732877
2184808631.770331,11.873102
2184808637.397191,5.598421999999999
2184808651.261311,13.833859
2184808657.84869,6.54197
2184808669.5735354,11.696019999999999
2184808670.8531947,1.246359
2184808672.419369,1.508443
2184808684.883409,12.417296
2184808687.3151493,2.404267
2184808699.237814,11.892098
2184808702.2752223,3.004279
2184808704.870619,2.5465430000000002
2184808716.043329,11.127675
2184808726.457317,10.364079
2184808727.590714,1.0602159999999998
2184808737.242578,9.598541
2184808738.6512127,1.335617
2184808740.478301,1.716897
2184808756.0782723,15.555255
2184808757.2822328,1.1564800000000002
2184808770.481027,13.128369000000001
2184808771.71898,1.197001
2184808782.524839,10.771459
2184808792.6270223,10.062467999999999
2184808794.6098957,1.945519
2184808796.266885,1.604411
2184808797.730163,1.422666
2184808801.067266,3.2960789999999998
2184808802.029912,0.910562
2184808810.637587,8.557565
2184808823.54909,12.8703
2184808832.1797943,8.596108
2184808834.538571,2.3238659999999998
2184808846.852181,12.270975
2184808848.497377,1.612155
2184808849.3382993,0.806498
2184808850.236298,0.849046
2184808854.436608,4.156524
2184808861.3380294,6.873393
2184808866.0222406,4.653463
2184808874.788583,8.671747
2184808883.197447,8.367939
2184808900.9768863,17.730134000000003
2184808908.574794,7.522752
2184808912.6775827,4.051954
2184808969.62724,56.901763
2184808981.5767536,11.887825
2184808984.749829,3.111371
2184808997.713117,12.904182
2184809008.849584,11.108768
2184809013.523657,4.636712999999999
2184809015.568884,1.9881460000000002
2184809026.412627,10.788337
2184809032.960524,6.502657999999999
2184809033.760869,0.771833
2184809034.156022,0.365143
2184809038.2549253,4.065009
2184809040.904849,2.622269
2184809054.611689,13.672807
2184809081.3712606,26.715102
2184809088.3785596,6.964317
2184809089.655085,1.2499740000000001
2184809096.204605,6.506668
2184809096.5459003,0.315843
2184809098.0807447,1.5067119999999998
2184809098.516403,0.380595
2184809104.603537,6.0589770000000005
2184809123.4037523,18.766313999999998
2184809135.222221,11.779003
2184809149.535112,14.28487
2184809159.3067417,9.70482
2184809160.2302537,0.879582
2184809161.771562,1.495871
2184809171.604705,9.785716
2184809180.633048,9.001055000000001
2184809181.803729,1.123917
2184809182.590472,0.743564
2184809183.89539,1.247424
2184809187.912683,3.9759219999999997
2184809193.92533,5.962985
2184809200.673597,6.716261
2184809201.098127,0.395201
2184809202.7950764,1.656125
2184809205.236877,2.41241
2184809211.634597,6.330134999999999
2184809224.082635,12.412641
2184809250.501592,26.379297
2184809251.6031027,1.063416
2184809255.859536,4.226385
2184809264.530825,8.644855
2184809279.124237,14.561674
2184809280.4441113,1.255087
2184809284.5966926,4.1141499999999995
2184809289.767276,5.141659
2184809302.400387,12.599134
2184809302.8370667,0.399238
2184809313.822454,10.927274
2184809328.51889,14.642606
2184809329.848884,1.295077
2184809331.281641,1.384767
2184809339.560657,8.245668
2184809341.7812433,2.1878670000000002
2184809349.7092037,7.888157
2184809352.186094,2.4439990000000003
2184809362.7381277,10.492796
2184809376.268124,13.060588999999998
2184809383.8327804,7.528995
2184809386.389486,2.5213829999999997
2184809388.4926324,2.052125
2184809388.8513103,0.316373
2184809390.3950543,1.509177
2184809400.9294972,10.491667
2184809402.1675262,1.2073539999999998
2184809403.884612,1.5437109999999998
2184809404.774117,0.844997
2184809413.4743967,8.642704
2184809415.3698583,1.8630630000000001
2184809415.930505,0.531515
2184809429.928171,13.967234
2184809437.627748,7.67297
2184809444.277579,6.614723000000001
2184809445.042439,0.733212
2184809456.9664516,11.887725
2184809467.300949,10.304217
2184809468.3070507,0.949751
2184809480.910122,12.519667
2184809494.223083,13.259089
2184809496.05455,1.8016889999999999
2184809504.2261953,8.130811
2184809511.0183487,6.752461
2184809512.5490522,1.500402
2184809518.0310683,5.449903
2184809532.1716123,14.114714000000001
2184809533.564931,1.3489909999999998
2184809543.055885,9.446609
2184809553.721901,10.630367
2184809571.322456,17.571140999999997
2184809582.235927,10.882279
2184809591.97585,9.709850000000001
2184809604.89919,12.857066
2184809606.6230783,1.617831
2184809608.585398,1.8973250000000002
2184809609.474673,0.817415
2184809617.103487,7.58242
2184809627.11003,9.980699000000001
2184809635.607521,8.459164
2184809644.1237698,8.482104000000001
2184809646.22122,2.044382
2184809647.964431,1.703776
2184809659.881184,11.845593999999998
2184809668.0890307,8.169083
2184809669.708794,1.583282
2184809680.524686,10.778614000000001
2184809682.290954,1.715441
2184809695.947301,13.61555
2184809707.482816,11.495557
2184809708.280836,0.7681129999999999
2184809716.608999,8.286708
2184809727.3012147,10.660213
2184809738.6756268,11.333691
2184809750.629817,11.886099000000002
2184809759.1292567,8.470779
2184809770.883227,11.714129999999999
2184809771.579445,0.652012
2184809773.612934,1.994445
2184809775.2379727,1.569245
2184809776.916803,1.6287280000000002
2184809778.660214,1.698796
2184809780.49548,1.787903
2184809787.2379084,6.6985719999999995
2184809788.080233,0.807951
2184809789.391555,1.247032
2184809792.0177474,2.591071
2184809793.521251,1.468364
2184809794.980135,1.413837
2184809796.468639,1.434337
2184809805.9199862,9.404543
2184809817.270909,11.305876
2184809830.6432867,13.339468
2184809832.3868027,1.7069349999999999
2184809833.312115,0.885341
2184809844.6183853,11.269977
2184809846.296485,1.647269
2184809847.0016108,0.666861
2184809848.081904,1.0353350000000001
2184809856.2808113,8.145989
2184809866.065823,9.755092
2184809867.974948,1.835731
2184809869.82789,1.754467
2184809880.708125,10.829901
2184809883.500958,2.754265
2184809885.469127,1.91
2184809891.232314,5.721308
2184809892.5489874,1.286457
2184809893.6203403,1.023969
2184809894.6417317,0.9872970000000001
2184809895.221239,0.547123
2184809900.949103,5.695747
2184809907.41327,6.435976
2184809908.6162157,1.162467
2184809920.622376,11.971803
2184809931.14599,10.490793
2184809940.4022636,9.223913
2184809947.1729813,6.737157
2184809958.89096,11.646821
2184809960.273201,1.348803
2184809970.194871,9.874259
2184809981.727839,11.493618000000001
2184809983.611545,1.8553
2184809985.709197,2.051968
2184809992.190348,6.4400710000000005
2184809999.244887,7.024744999999999
2184810001.0183396,1.726085
2184810010.8839374,9.819751
2184810024.102163,13.175874
2184810034.669201,10.529187
2184810040.324451,5.626181
2184810052.088297,11.723483
2184810054.379427,2.246794
2184810056.3467402,1.920503
2184810062.3199973,5.935402
2184810070.970217,8.612125
2184810072.685896,1.686166
2184810081.097064,8.373138
2184810082.332439,1.199281
2184810093.225254,10.862862
2184810107.8723607,14.616469
2184810120.747651,12.841959
2184810121.383118,0.5996130000000001
2184810122.521439,1.108445
2184810123.84425,1.2864689999999999
2184810125.222791,1.340669
2184810126.244293,0.9830730000000001
2184810127.123125,0.840603
2184810128.540038,1.385802
2184810139.401911,10.827356
2184810149.6224747,10.186093
2184810164.07105,14.41865
2184810172.312687,8.204797999999998
2184810183.82566,11.476273
2184810191.761327,7.904115
2184810194.125931,2.33438
2184810196.157952,1.98454
2184810198.152618,1.9510619999999999
2184810200.21353,1.984164
2184810205.766813,5.505658
2184810207.6344943,1.8335949999999999
2184810209.413237,1.7469199999999998
2184810210.37044,0.924895
2184810212.1656823,1.7267000000000001
2184810223.42994,11.219949999999999
2184810232.5152793,9.049607
2184810234.975643,2.404303
2184810236.2192364,1.195583
2184810238.866108,2.601578
2184810239.704859,0.809905
2184810241.615193,1.88124
2184810253.3865547,11.736616
2184810254.9682713,1.548128
2184810256.047028,1.0358660000000002
2184810269.971927,13.881889999999999
2184810277.402489,7.366268
2184810279.325039,1.895
2184810287.0903516,7.735464
2184810298.052485,10.929392
2184810299.965275,1.863532
2184810304.519359,4.483118
2184810315.282405,10.729889
2184810317.113879,1.79932
2184810318.6520677,1.480524
2184810320.534002,1.8428470000000001
2184810321.417471,0.8493040000000001
2184810323.1202064,1.6483610000000002
2184810325.072579,1.8921249999999998
2184810326.091293,0.983932
2184810327.280786,1.154279
2184810341.622459,14.301777
2184810343.311307,1.640263
2184810351.8030934,8.45194
2184810353.7158937,1.873467
2184810355.225961,1.475747
2184810357.403249,2.141693
2184810358.995698,1.545329
2184810369.596077,10.566590000000001
2184810381.232746,11.553612
2184810382.833952,1.562758
2184810395.663058,12.777386
2184810397.0473843,1.3401960000000002
2184810398.839209,1.741653
2184810401.130181,2.254622
2184810410.558154,9.378822999999999
2184810422.172305,11.570698
2184810434.994741,12.779511000000001
2184810445.009826,9.972916999999999
2184810446.9764724,1.5743989999999999
2184810448.157888,1.1425610000000002
2184810449.6901693,1.494062
2184810460.6822824,10.950288
2184810462.270934,1.550466
2184810470.587697,8.28477
2184810472.606003,1.9886069999999998
2184810474.458761,1.806812
2184810477.34832,2.8317799999999997
2184810479.794621,2.390914
2184810482.738942,2.9017489999999997
2184810483.295164,0.526629
2184810494.2946367,10.943088
2184810499.235431,4.9101550000000005
2184810516.225773,16.958379
2184810529.7290998,13.45343
2184810532.1212,2.350804
2184810532.9111443,0.7508499999999999
2184810534.991838,2.042851
2184810544.3598323,9.331437
2184810555.237439,10.841448999999999
2184810556.995314,1.700165
2184810564.562466,7.5189
2184810575.909916,11.30489
2184810585.954239,10.002808
2184810599.044816,12.843294
2184810601.974165,2.892325
2184810602.988363,0.974596
2184810604.773265,1.747132
2184810606.712731,1.571452
2184810613.284464,6.523128000000001
2184810621.372011,8.019471
2184810629.2887173,7.6295139999999995
2184810630.7661676,1.439489
2184810642.463081,11.652226
2184810645.018822,2.503379
2184810646.849844,1.155283
2184810658.108694,11.217743
2184810659.681124,1.5368490000000001
2184810671.779366,12.067003999999999
2184810673.152155,1.327431
2184810687.527906,14.326007
2184810690.493513,2.9153000000000002
2184810701.631026,11.093812999999999
2184810713.403783,11.461113000000001
2184810716.1914153,2.751109
2184810728.1889477,11.941986
2184810739.6999,11.462705
2184810741.892041,2.098118
2184810743.867356,1.941323
2184810757.443266,13.536227
2184810770.042125,12.558512
2184810783.446722,13.360535
2184810785.260839,1.7722339999999999
2184810792.9025207,7.590917
2184810806.5693507,13.637265000000001
2184810820.781075,14.17876
2184810833.2411346,12.419867
2184810844.2927094,11.007843999999999
2184810846.365782,2.0254980000000002
2184810855.5681467,9.151955
2184810867.156983,11.539147
2184810868.8524466,1.620288
2184810879.239324,10.309235
2184810889.9230022,10.644355
2184810890.965937,0.9988379999999999
2184810893.059141,2.0485249999999997
2184810904.425928,11.317988
2184810905.873696,1.419344
2184810907.0501246,1.144053
2184810908.4081283,1.3142239999999998
2184810920.778823,12.330224000000001
2184810921.7657747,0.955645
2184810932.872407,11.034728000000001
2184810940.22287,7.3063
2184810941.2732983,1.020935
2184810941.818122,0.5109990000000001
2184810945.225306,3.37377
2184810949.6816306,4.404483
2184810957.653463,7.929116
2184810966.198032,8.502385
2184810971.272704,5.0347669999999995
2184810971.791016,0.481284
2184810984.104665,12.281967
2184810987.3547244,3.208157
2184811001.740088,14.316345
2184811008.709927,6.934216
2184811018.248434,9.484751
2184811019.060629,0.758738
2184811021.1322403,2.020071
2184811022.665246,1.5004110000000002
2184811038.990912,16.293635000000002
2184811048.257207,9.229987
2184811049.644556,1.352229
2184811052.360956,2.6286959999999997
2184811058.7360144,6.324941
2184811060.250322,1.471354
2184811060.699603,0.41828600000000005
2184811061.873765,1.145556
2184811063.3030562,1.4006260000000001
2184811065.125489,1.793319
2184811072.8217263,7.6610890000000005
2184811073.568725,0.712571
2184811074.9142666,1.303235
2184811075.6830907,0.739989
2184811076.929191,1.21759
2184811078.3157077,1.34689
2184811079.719304,1.36877
2184811081.286034,1.518948
2184811089.7245684,8.382738
2184811092.7954698,3.027999
2184811094.611994,1.7679099999999999
2184811096.2901,1.627684
2184811098.321444,1.985402
2184811105.70021,7.332241
2184811108.024768,2.297018
2184811109.437131,1.370309
2184811111.2030087,1.732275
2184811112.746676,1.5141200000000001
2184811121.971992,8.691183
2184811124.6207128,2.618534
2184811133.537195,8.875068
2184811141.749867,8.175702999999999
2184811152.957407,11.161775
2184811164.0816846,11.090043000000001
2184811173.636135,9.508954
2184811175.169531,1.497929
2184811186.229431,11.003756
2184811187.292767,1.019493
2184811189.8121157,2.4565300000000003
2184811192.593295,2.7346459999999997
2184811209.30961,16.676051
2184811209.8991838,0.546188
2184811211.753245,1.809838
2184811217.486426,5.669684
2184811219.242318,1.703419
2184811224.101249,4.805171
2184811226.085281,1.945859
2184811237.8957586,11.766399
2184811240.183613,2.225132
2184811252.393839,12.118604
2184811261.256309,8.825336
2184811263.281118,1.9927170000000003
2184811275.218338,11.902015
2184811290.8248067,15.560099000000001
2184811293.312247,2.443472
2184811293.7117853,0.36222400000000005
2184811295.9501443,2.1955519999999997
2184811297.4638,1.4796239999999998
2184811298.615173,1.0920299999999998
2184811300.3975644,1.746904
2184811307.376809,6.936781000000001
2184811309.959468,2.550777
2184811311.019,1.022443
2184811312.2107167,1.156252
2184811319.910864,7.650429
2184811321.3022614,1.3526960000000001
2184811323.27582,1.92811
2184811336.463789,12.855915000000001
2184811346.22763,9.729443000000002
2184811348.3633747,2.105086
2184811379.297825,30.898229999999998
2184811381.149775,1.782644
2184811384.300286,3.07985
2184811386.5367727,2.181792
2184811388.538045,1.9694030000000002
2184811390.349752,1.774803
2184811391.770423,1.373267
2184811398.230558,6.429107
2184811426.047884,27.775422000000002
2184811429.606799,3.460072
2184811432.030146,2.359106
2184811437.701999,5.61771
2184811456.447964,18.711408
2184811457.238007,0.7506229999999999
2184811459.738516,2.413256
2184811466.007507,6.163934
2184811482.617804,16.582939
2184811514.013536,31.357677
2184811515.818758,1.752566
2184811523.5700083,7.714211000000001
2184811524.8935018,1.288901
2184811526.718475,1.77878
2184811528.7612457,1.9954299999999998
2184811529.9709,1.1608779999999999
2184811541.231303,11.139266
2184811543.77157,2.491482
2184811548.938429,5.118989
2184811550.551449,1.551631
2184811560.016097,9.419424
2184811561.6193357,1.552612
2184811567.451853,5.387379
2184811568.492704,0.997515
2184811571.3497252,2.809929
2184811572.549895,1.157264
2184811573.384544,0.799474
2184811578.326849,4.909232
2184811600.559021,22.194777
2184811601.915562,1.308271
2184811605.536345,3.571853
2184811618.994841,13.396492
2184811621.158481,2.129656
2184811626.52066,5.319894000000001
2184811627.1674967,0.612191
2184811629.603559,2.4063399999999997
2184811629.930543,0.301607
2184811657.315162,27.355558
2184811679.06488,21.70718
2184811685.52549,6.41567
2184811689.006254,3.42971
2184811695.154614,6.092773
2184811699.908022,4.694869
2184811723.65109,23.706264
2184811727.274616,3.570941
2184811745.006495,17.696382
2184811754.900827,9.843810999999999
2184811768.240954,13.295504
2184811777.829751,9.557025
2184811788.353919,9.890423
2184811790.307525,1.896015
2184811798.383458,8.042309
2184811801.1008205,2.681517
2184811810.464209,9.320573
2184811811.704043,1.203337
2184811826.081518,14.330212
2184811827.386727,1.260332
2184811828.990818,1.5535379999999999
2184811840.678395,11.610614
2184811849.583362,8.872767999999999
2184811850.9278607,1.302852
2184811860.671644,9.706813
2184811862.218397,1.501133
2184811874.588071,12.155094
2184811876.131236,1.506621
2184811877.475378,1.30016
2184811878.82318,1.0859590000000001
2184811891.3003683,12.437708
2184811893.754072,2.398351
2184811896.1727514,1.856056
2184811899.50252,3.287533
2184811907.174581,7.6371269999999996
2184811908.920497,1.714338
2184811919.039607,10.056766999999999
2184811925.638887,6.569628
2184811926.405786,0.738881
2184811929.5691743,3.09164
2184811931.0123,1.388205
2184811940.72837,9.662534
2184811956.414375,15.648617
2184811963.920935,7.466165
2184811966.648738,2.7020809999999997
2184811973.399607,6.710355000000001
2184811974.4393883,0.9937380000000001
2184811977.11071,2.631255
2184811981.855831,4.690128
2184811985.376181,3.4042529999999998
2184811986.487018,1.069256
2184811987.880643,1.3614650000000001
2184811989.579799,1.308958
2184811992.3974333,2.7525150000000003
2184811995.936101,3.480027
2184812000.5801,4.593708
2184812007.889291,7.266842
2184812009.677476,1.760859
2184812011.82908,2.111615
2184812013.9073424,2.037964
2184812016.419589,2.471861
2184812018.649848,2.17882
2184812036.7797346,18.079413
2184812039.6571813,2.8299559999999997
2184812047.2259827,7.0506969999999995
2184812062.408786,15.139801
2184812082.287414,19.825023
2184812085.167625,2.844638
2184812097.240844,12.038841999999999
2184812110.679741,13.401124000000001
2184812112.7898574,2.079285
2184812126.897562,13.98422
2184812128.079161,1.151602
2184812142.903591,14.772938
2184812144.856492,1.9169779999999998
2184812158.5000277,13.600113
2184812167.988434,9.442436
2184812169.60846,1.571974
2184812183.0513787,13.389951
2184812184.9346876,1.838785
2184812194.796964,9.788364000000001
2184812197.122166,2.254411
2184812198.522309,1.346521
2184812200.33032,1.755331
2184812209.460443,9.081496
2184812216.240747,6.750716000000001
2184812218.824394,2.5380279999999997
2184812229.533865,10.389179
2184812231.374131,1.810465
2184812244.548199,13.133206
2184812246.700115,2.119811
2184812257.63165,10.89482
2184812268.907065,11.228063
2184812273.090226,4.156795
2184812274.575191,1.458261
2184812280.5075912,5.902086
2184812282.1561027,1.5966369999999999
2184812285.0174217,2.811976
2184812294.582376,9.524954000000001
2184812305.185087,10.571117
2184812316.649218,11.42745
2184812318.6918383,2.0123770000000003
2184812330.282962,11.315411
2184812340.4753537,10.159448999999999
2184812343.28868,2.7686569999999997
2184812351.4426847,7.786824999999999
2184812363.645059,12.17278
2184812381.241809,17.540423999999998
2184812382.7078223,1.317721
2184812384.031012,1.292132
2184812389.8193808,5.755574999999999
2184812407.189732,17.338347
2184812409.3321633,2.094573
2184812410.195406,0.8303670000000001
2184812412.560819,2.333605
2184812414.072436,1.463802
2184812416.305568,2.1875940000000003
2184812428.876816,12.376563
2184812430.585866,1.6727779999999999
2184812432.022947,1.394186
2184812433.217261,0.986469
2184812435.1813083,1.659142
2184812447.429777,12.209348
2184812460.3243427,12.157563
2184812464.07998,3.696889
2184812472.619111,8.490556999999999
2184812484.1436434,11.002915999999999
2184812486.43154,2.2485809999999997
2184812489.666182,3.2001370000000002
2184812491.3117037,1.5887200000000001
2184812498.67799,7.088728
2184812501.566303,2.8599580000000002
2184812512.137046,10.539229
2184812526.6998262,14.499903
2184812528.535615,1.797088
2184812539.21067,10.606076000000002
2184812554.726493,15.471302
2184812556.262837,1.505326
2184812566.926668,10.625012
2184812578.330287,11.362438000000001
2184812584.912512,6.546643
2184812596.024874,11.065369
2184812608.172607,12.112292
2184812617.156903,8.909882
2184812625.289629,8.095946
2184812626.337162,1.011237
2184812629.042561,2.675753
2184812643.4662256,14.391073
2184812645.656034,2.155199
2184812656.9113297,11.212932
2184812658.329371,1.389358
2184812672.574002,14.211879999999999
2184812674.9720254,2.34394
2184812685.002311,9.997482999999999
2184812701.05673,16.008558999999998
2184812709.491936,8.386693000000001
2184812713.268135,3.72785
2184812721.4290133,8.120087
2184812723.483122,2.0189549999999996
2184812732.727963,9.205235
2184812738.965929,6.1816320000000005
2184812740.588078,1.567778
2184812755.937678,15.26865
2184812763.316736,7.344722
2184812769.8246956,6.476832
2184812776.521967,6.6402980000000005
2184812790.559307,13.997618999999998
2184812797.599336,7.001576
2184812807.512978,9.876899
2184812819.0447826,11.49971
2184812821.013255,1.919872
2184812822.357162,1.284594
2184812823.925164,1.5260639999999999
2184812833.209403,9.23647
2184812847.9280334,14.690933999999999
2184812859.593954,11.626140999999999
2184812866.988045,7.345044000000001
2184812876.298132,9.283844
2184812885.671039,9.339963999999998
2184812891.202003,5.500506
2184812892.2315397,0.9816219999999999
2184812898.2195754,5.9378269999999995
2184812899.315997,1.0544829999999998
2184812907.486186,8.106965
2184812920.374127,12.853811
2184812927.894644,7.487016
2184812936.0174603,8.065552
2184812946.708194,10.659084
2184812948.6050577,1.862762
2184812950.020945,1.378436
2184812963.4686604,13.398317
2184812977.299871,13.78144
2184812979.027397,1.657373
2184812981.0290604,1.950729
2184812983.521193,2.440265
2184812991.941725,8.380116
2184813004.3841767,12.344320000000002
2184813011.663268,7.252035
2184813018.020802,6.313491
2184813018.631716,0.572721
2184813021.384052,2.718297
2184813029.419588,7.989566999999999
2184813035.913565,6.458186
2184813037.073375,1.124143
2184813037.922394,0.795349
2184813039.061401,1.06486
2184813040.537158,1.42998
2184813041.9964843,1.416591
2184813051.4772563,9.401764
2184813065.719238,14.206037
2184813074.021946,8.248471
2184813075.793221,1.706261
2184813077.519569,1.678763
2184813087.724021,10.156177000000001
2184813099.772551,12.00493
2184813101.365769,1.539585
2184813103.194157,1.780846
2184813116.225003,12.977542999999999
2184813117.151483,0.8723580000000001
2184813124.30728,7.108124
2184813138.1408844,13.798997
2184813153.367972,15.192064
2184813155.237599,1.8190490000000001
2184813156.6231546,1.350943
2184813162.1836767,5.522397
2184813163.86689,1.652471
2184813169.701192,5.7903579999999994
2184813171.389224,1.6434380000000002
2184813184.823931,13.379343
2184813187.486035,2.620089
2184813198.692808,11.162692
2184813199.650039,0.921333
2184813201.3341537,1.650988
2184813203.349479,1.969691
2184813204.963979,1.581851
2184813205.739168,0.7421249999999999
2184813206.793501,1.0246719999999998
2184813207.649414,0.807327
2184813208.9023337,1.219979
2184813210.157427,1.2145059999999999
2184813211.555285,1.348866
2184813225.7165437,14.11977
2184813227.557092,1.804658
2184813229.415651,1.8235540000000001
2184813239.538302,10.082052
2184813242.626595,2.967221
2184813252.433405,9.756676
2184813265.217937,12.750285
2184813267.717056,2.447635
2184813268.9956894,1.232259
2184813282.7674108,13.721223
2184813284.615398,1.819026
2184813298.99081,14.33924
2184813307.0929556,8.064645
2184813314.984048,7.843176000000001
2184813321.70157,6.681459
2184813322.912386,1.185821
2184813324.5379353,1.5958560000000002
2184813337.826293,13.258491000000001
2184813338.884235,1.017085
2184813340.8174677,1.8881919999999999
2184813351.113177,10.260047
2184813353.01346,1.855923
2184813366.459662,13.402534000000001
