270533053.37667,604.636215
270533656.860165,602.6944619999999
270534062.26220304,403.509744
270534768.366722,704.633216
270535274.437464,504.081452
270535679.222134,403.654047
270536083.964907,403.384374
270536489.513188,403.56272
270536994.77639604,503.55300400000004
270537699.83774203,704.56097
270538205.67495996,503.87787399999996
270538811.702547,604.340927
270539315.789441,503.65413
270539921.32725996,604.008151
270540426.827947,503.715873
270540930.93079996,503.99145300000004
270541435.847611,503.579039
270541940.09583503,503.735685
270542444.959951,503.783559
270542950.779131,504.03709799999996
270543456.75408995,504.395924
270543961.638385,504.13159100000007
270544666.67894,704.55561
270545272.809894,604.3661930000001
270545778.102018,503.664843
270546082.967596,303.54843900000003
270546588.726538,503.69105300000007
270547094.671638,504.129736
270547599.324985,503.8184959999999
270548003.538443,403.770441
270548408.126119,403.448421
270548812.870714,403.903661
270549217.50189704,403.636946
270549622.209045,403.69845300000003
270550026.122044,403.834782
270550531.15066004,503.96031100000005
270551036.31168497,503.467115
270551341.808913,303.695114
270551846.279303,503.736356
270552552.348556,704.381191
270553257.903601,704.323461
270553862.16303396,604.011561
270554266.752403,403.052574
270554672.23287296,403.805021
270555077.11083806,403.707629
270555782.44844496,704.681704
270556286.843489,503.655025
