2184724514.821656,136.0
2184725022.69057,134.0
2184725475.3929896,114.0
2184726022.8557673,44.0
2184726542.3994627,120.0
2184727049.338219,128.0
2184727552.627277,126.0
2184728048.023758,122.0
2184728555.48035,110.0
2184729057.164722,110.0
2184729564.3570113,120.0
2184730072.160025,116.0
2184730577.0758696,122.0
2184731074.99363,120.0
2184731581.273078,120.0
2184732084.5051494,114.0
2184732587.047112,116.0
2184733096.2842407,122.0
2184733601.492962,126.0
2184734127.955628,108.0
2184734634.0739436,120.0
2184735136.146822,122.0
2184735632.2656093,124.0
2184736120.747887,102.0
2184736646.034932,108.0
2184737141.489952,106.0
2184737660.421727,120.0
2184738164.64039,126.0
2184738660.09618,66.0
2184739176.063338,28.0
2184739687.760537,76.0
2184740014.373626,78.0
